period_start,period_label,analysis_level,analysis_level_description,condition_id,condition_family,condition_excluded_vowels,candidate_windows_total_before_skipping,candidate_windows_skipped,N_candidates,exceptions_e,exception_rate_e_over_N,theta_N_float,theta_N_integer_floor,tolerated_exception_rate_theta_over_N,tp_passes,tp_result_description
1443,1443-1492,candidate_vowel_level,Each adjacent considered vowel window is one TP candidate; exceptions are disharmonic windows.,baseline_no_excluded_vowels,baseline,NONE,1557,0,1557,1060,0.680796403339756,211.82185898266232,211,0.13604486768314858,False,FAIL: exceptions_e > theta_N.
1443,1443-1492,candidate_vowel_level,Each adjacent considered vowel window is one TP candidate; exceptions are disharmonic windows.,discard_wordforms_containing_ㅜ,discard_wordforms_containing,ㅜ,1144,0,1144,753,0.6582167832167832,162.44724682707604,162,0.1419993416320595,False,FAIL: exceptions_e > theta_N.
1443,1443-1492,candidate_vowel_level,Each adjacent considered vowel window is one TP candidate; exceptions are disharmonic windows.,discard_wordforms_containing_ㅡ,discard_wordforms_containing,ㅡ,989,0,989,668,0.6754297269969667,143.4020347204948,143,0.14499700173963076,False,FAIL: exceptions_e > theta_N.
1443,1443-1492,candidate_vowel_level,Each adjacent considered vowel window is one TP candidate; exceptions are disharmonic windows.,discard_wordforms_containing_ㅡㅜ,discard_wordforms_containing,ㅡ+ㅜ,707,0,707,452,0.6393210749646393,107.75746007024455,107,0.15241507789284944,False,FAIL: exceptions_e > theta_N.
1443,1443-1492,candidate_vowel_level,Each adjacent considered vowel window is one TP candidate; exceptions are disharmonic windows.,discard_wordforms_containing_ㅡㅣ,discard_wordforms_containing,ㅡ+ㅣ,348,0,348,130,0.3735632183908046,59.464791452911385,59,0.17087583750836605,False,FAIL: exceptions_e > theta_N.
1443,1443-1492,candidate_vowel_level,Each adjacent considered vowel window is one TP candidate; exceptions are disharmonic windows.,discard_wordforms_containing_ㅡㅣㅜ,discard_wordforms_containing,ㅡ+ㅣ+ㅜ,276,0,276,90,0.32608695652173914,49.106817573017196,49,0.17792325207614926,False,FAIL: exceptions_e > theta_N.
1443,1443-1492,candidate_vowel_level,Each adjacent considered vowel window is one TP candidate; exceptions are disharmonic windows.,discard_wordforms_containing_ㅣ,discard_wordforms_containing,ㅣ,537,0,537,228,0.4245810055865922,85.42796098985401,85,0.15908372623808942,False,FAIL: exceptions_e > theta_N.
1443,1443-1492,candidate_vowel_level,Each adjacent considered vowel window is one TP candidate; exceptions are disharmonic windows.,discard_wordforms_containing_ㅣㅜ,discard_wordforms_containing,ㅣ+ㅜ,438,0,438,170,0.3881278538812785,72.01319229940228,72,0.16441368104886364,False,FAIL: exceptions_e > theta_N.
1443,1443-1492,candidate_vowel_level,Each adjacent considered vowel window is one TP candidate; exceptions are disharmonic windows.,exclude_from_consideration_ㅜ,exclude_from_consideration,ㅜ,1445,0,1445,963,0.6664359861591695,198.6018266325981,198,0.13744071047238623,False,FAIL: exceptions_e > theta_N.
1443,1443-1492,candidate_vowel_level,Each adjacent considered vowel window is one TP candidate; exceptions are disharmonic windows.,exclude_from_consideration_ㅡ,exclude_from_consideration,ㅡ,1361,0,1361,940,0.6906686260102866,188.60930082212158,188,0.13858141133146332,False,FAIL: exceptions_e > theta_N.
1443,1443-1492,candidate_vowel_level,Each adjacent considered vowel window is one TP candidate; exceptions are disharmonic windows.,exclude_from_consideration_ㅡㅜ,exclude_from_consideration,ㅡ+ㅜ,1249,0,1249,834,0.6677341873498799,175.17289532904394,175,0.14025051667657643,False,FAIL: exceptions_e > theta_N.
1443,1443-1492,candidate_vowel_level,Each adjacent considered vowel window is one TP candidate; exceptions are disharmonic windows.,exclude_from_consideration_ㅡㅣ,exclude_from_consideration,ㅡ+ㅣ,905,0,905,388,0.4287292817679558,132.93311517870606,132,0.14688742008696803,False,FAIL: exceptions_e > theta_N.
1443,1443-1492,candidate_vowel_level,Each adjacent considered vowel window is one TP candidate; exceptions are disharmonic windows.,exclude_from_consideration_ㅡㅣㅜ,exclude_from_consideration,ㅡ+ㅣ+ㅜ,800,0,800,281,0.35125,119.67785603594025,119,0.14959732004492532,False,FAIL: exceptions_e > theta_N.
1443,1443-1492,candidate_vowel_level,Each adjacent considered vowel window is one TP candidate; exceptions are disharmonic windows.,exclude_from_consideration_ㅣ,exclude_from_consideration,ㅣ,1092,0,1092,489,0.4478021978021978,156.09441133418218,156,0.14294360012287746,False,FAIL: exceptions_e > theta_N.
1443,1443-1492,candidate_vowel_level,Each adjacent considered vowel window is one TP candidate; exceptions are disharmonic windows.,exclude_from_consideration_ㅣㅜ,exclude_from_consideration,ㅣ+ㅜ,987,0,987,391,0.3961499493414387,143.15405876640028,143,0.14503957321823738,False,FAIL: exceptions_e > theta_N.
1493,1493-1542,candidate_vowel_level,Each adjacent considered vowel window is one TP candidate; exceptions are disharmonic windows.,baseline_no_excluded_vowels,baseline,NONE,1489,0,1489,1039,0.6977837474815313,203.80899624940866,203,0.13687642461343766,False,FAIL: exceptions_e > theta_N.
1493,1493-1542,candidate_vowel_level,Each adjacent considered vowel window is one TP candidate; exceptions are disharmonic windows.,discard_wordforms_containing_ㅜ,discard_wordforms_containing,ㅜ,1139,0,1139,755,0.6628621597892889,161.83791115079282,161,0.14208771830622724,False,FAIL: exceptions_e > theta_N.
1493,1493-1542,candidate_vowel_level,Each adjacent considered vowel window is one TP candidate; exceptions are disharmonic windows.,discard_wordforms_containing_ㅡ,discard_wordforms_containing,ㅡ,998,0,998,716,0.717434869739479,144.517181554024,144,0.14480679514431263,False,FAIL: exceptions_e > theta_N.
1493,1493-1542,candidate_vowel_level,Each adjacent considered vowel window is one TP candidate; exceptions are disharmonic windows.,discard_wordforms_containing_ㅡㅜ,discard_wordforms_containing,ㅡ+ㅜ,792,0,792,536,0.6767676767676768,118.65948240004144,118,0.14982257878793112,False,FAIL: exceptions_e > theta_N.
1493,1493-1542,candidate_vowel_level,Each adjacent considered vowel window is one TP candidate; exceptions are disharmonic windows.,discard_wordforms_containing_ㅡㅣ,discard_wordforms_containing,ㅡ+ㅣ,284,0,284,107,0.3767605633802817,50.27461412046458,50,0.1770232891565654,False,FAIL: exceptions_e > theta_N.
1493,1493-1542,candidate_vowel_level,Each adjacent considered vowel window is one TP candidate; exceptions are disharmonic windows.,discard_wordforms_containing_ㅡㅣㅜ,discard_wordforms_containing,ㅡ+ㅣ+ㅜ,231,0,231,75,0.3246753246753247,42.44437165368787,42,0.1837418686306834,False,FAIL: exceptions_e > theta_N.
1493,1493-1542,candidate_vowel_level,Each adjacent considered vowel window is one TP candidate; exceptions are disharmonic windows.,discard_wordforms_containing_ㅣ,discard_wordforms_containing,ㅣ,451,0,451,194,0.43015521064301554,73.79569830715977,73,0.16362682551476668,False,FAIL: exceptions_e > theta_N.
1493,1493-1542,candidate_vowel_level,Each adjacent considered vowel window is one TP candidate; exceptions are disharmonic windows.,discard_wordforms_containing_ㅣㅜ,discard_wordforms_containing,ㅣ+ㅜ,393,0,393,158,0.4020356234096692,65.78716523190745,65,0.16739736700230903,False,FAIL: exceptions_e > theta_N.
1493,1493-1542,candidate_vowel_level,Each adjacent considered vowel window is one TP candidate; exceptions are disharmonic windows.,exclude_from_consideration_ㅜ,exclude_from_consideration,ㅜ,1390,0,1390,950,0.6834532374100719,192.0669701576705,192,0.13817767637242484,False,FAIL: exceptions_e > theta_N.
1493,1493-1542,candidate_vowel_level,Each adjacent considered vowel window is one TP candidate; exceptions are disharmonic windows.,exclude_from_consideration_ㅡ,exclude_from_consideration,ㅡ,1307,0,1307,936,0.7161438408569243,182.14784665057456,182,0.13936331036769287,False,FAIL: exceptions_e > theta_N.
1493,1493-1542,candidate_vowel_level,Each adjacent considered vowel window is one TP candidate; exceptions are disharmonic windows.,exclude_from_consideration_ㅡㅜ,exclude_from_consideration,ㅡ+ㅜ,1208,0,1208,836,0.6920529801324503,170.21944861194777,170,0.14091013957942697,False,FAIL: exceptions_e > theta_N.
1493,1493-1542,candidate_vowel_level,Each adjacent considered vowel window is one TP candidate; exceptions are disharmonic windows.,exclude_from_consideration_ㅡㅣ,exclude_from_consideration,ㅡ+ㅣ,835,0,835,339,0.4059880239520958,124.1186881043392,124,0.14864513545429844,False,FAIL: exceptions_e > theta_N.
1493,1493-1542,candidate_vowel_level,Each adjacent considered vowel window is one TP candidate; exceptions are disharmonic windows.,exclude_from_consideration_ㅡㅣㅜ,exclude_from_consideration,ㅡ+ㅣ+ㅜ,745,0,745,252,0.338255033557047,112.65034291059882,112,0.15120851397395815,False,FAIL: exceptions_e > theta_N.
1493,1493-1542,candidate_vowel_level,Each adjacent considered vowel window is one TP candidate; exceptions are disharmonic windows.,exclude_from_consideration_ㅣ,exclude_from_consideration,ㅣ,1006,0,1006,427,0.42445328031809143,145.50740778488077,145,0.14463957036270453,False,FAIL: exceptions_e > theta_N.
1493,1493-1542,candidate_vowel_level,Each adjacent considered vowel window is one TP candidate; exceptions are disharmonic windows.,exclude_from_consideration_ㅣㅜ,exclude_from_consideration,ㅣ+ㅜ,915,0,915,348,0.380327868852459,134.1853921881192,134,0.14665070184493903,False,FAIL: exceptions_e > theta_N.
1543,1543-1592,candidate_vowel_level,Each adjacent considered vowel window is one TP candidate; exceptions are disharmonic windows.,baseline_no_excluded_vowels,baseline,NONE,3518,0,3518,2535,0.7205798749289369,430.8292535000309,430,0.12246425625356194,False,FAIL: exceptions_e > theta_N.
1543,1543-1592,candidate_vowel_level,Each adjacent considered vowel window is one TP candidate; exceptions are disharmonic windows.,discard_wordforms_containing_ㅜ,discard_wordforms_containing,ㅜ,2585,0,2585,1821,0.7044487427466151,328.9858505662175,328,0.1272672536039526,False,FAIL: exceptions_e > theta_N.
1543,1543-1592,candidate_vowel_level,Each adjacent considered vowel window is one TP candidate; exceptions are disharmonic windows.,discard_wordforms_containing_ㅡ,discard_wordforms_containing,ㅡ,2648,0,2648,1961,0.7405589123867069,335.9741000343503,335,0.12687843656886338,False,FAIL: exceptions_e > theta_N.
1543,1543-1592,candidate_vowel_level,Each adjacent considered vowel window is one TP candidate; exceptions are disharmonic windows.,discard_wordforms_containing_ㅡㅜ,discard_wordforms_containing,ㅡ+ㅜ,1954,0,1954,1396,0.714431934493347,257.86413584580004,257,0.1319673161953941,False,FAIL: exceptions_e > theta_N.
1543,1543-1592,candidate_vowel_level,Each adjacent considered vowel window is one TP candidate; exceptions are disharmonic windows.,discard_wordforms_containing_ㅡㅣ,discard_wordforms_containing,ㅡ+ㅣ,651,0,651,281,0.43164362519201227,100.48607410547429,100,0.15435648864128154,False,FAIL: exceptions_e > theta_N.
1543,1543-1592,candidate_vowel_level,Each adjacent considered vowel window is one TP candidate; exceptions are disharmonic windows.,discard_wordforms_containing_ㅡㅣㅜ,discard_wordforms_containing,ㅡ+ㅣ+ㅜ,515,0,515,207,0.40194174757281553,82.47697542249504,82,0.1601494668397962,False,FAIL: exceptions_e > theta_N.
1543,1543-1592,candidate_vowel_level,Each adjacent considered vowel window is one TP candidate; exceptions are disharmonic windows.,discard_wordforms_containing_ㅣ,discard_wordforms_containing,ㅣ,949,0,949,432,0.45521601685985247,138.43084021370524,138,0.14587022151075368,False,FAIL: exceptions_e > theta_N.
1543,1543-1592,candidate_vowel_level,Each adjacent considered vowel window is one TP candidate; exceptions are disharmonic windows.,discard_wordforms_containing_ㅣㅜ,discard_wordforms_containing,ㅣ+ㅜ,770,0,770,340,0.44155844155844154,115.85235599380681,115,0.1504576051867621,False,FAIL: exceptions_e > theta_N.
1543,1543-1592,candidate_vowel_level,Each adjacent considered vowel window is one TP candidate; exceptions are disharmonic windows.,exclude_from_consideration_ㅜ,exclude_from_consideration,ㅜ,3255,0,3255,2300,0.706605222734255,402.4506808444319,402,0.12364076216418798,False,FAIL: exceptions_e > theta_N.
1543,1543-1592,candidate_vowel_level,Each adjacent considered vowel window is one TP candidate; exceptions are disharmonic windows.,exclude_from_consideration_ㅡ,exclude_from_consideration,ㅡ,3208,0,3208,2359,0.7353491271820449,397.3541284045129,397,0.12386350636050901,False,FAIL: exceptions_e > theta_N.
1543,1543-1592,candidate_vowel_level,Each adjacent considered vowel window is one TP candidate; exceptions are disharmonic windows.,exclude_from_consideration_ㅡㅜ,exclude_from_consideration,ㅡ+ㅜ,2945,0,2945,2107,0.7154499151103565,368.6842896392223,368,0.12518991159226564,False,FAIL: exceptions_e > theta_N.
1543,1543-1592,candidate_vowel_level,Each adjacent considered vowel window is one TP candidate; exceptions are disharmonic windows.,exclude_from_consideration_ㅡㅣ,exclude_from_consideration,ㅡ+ㅣ,2067,0,2067,925,0.4475084663763909,270.7675728699945,270,0.13099543922109072,False,FAIL: exceptions_e > theta_N.
1543,1543-1592,candidate_vowel_level,Each adjacent considered vowel window is one TP candidate; exceptions are disharmonic windows.,exclude_from_consideration_ㅡㅣㅜ,exclude_from_consideration,ㅡ+ㅣ+ㅜ,1818,0,1818,676,0.3718371837183718,242.22261957675545,242,0.13323576434364987,False,FAIL: exceptions_e > theta_N.
1543,1543-1592,candidate_vowel_level,Each adjacent considered vowel window is one TP candidate; exceptions are disharmonic windows.,exclude_from_consideration_ㅣ,exclude_from_consideration,ㅣ,2360,0,2360,1073,0.45466101694915256,303.8724331939703,303,0.1287595055906654,False,FAIL: exceptions_e > theta_N.
1543,1543-1592,candidate_vowel_level,Each adjacent considered vowel window is one TP candidate; exceptions are disharmonic windows.,exclude_from_consideration_ㅣㅜ,exclude_from_consideration,ㅣ+ㅜ,2110,0,2110,838,0.3971563981042654,275.65688810694047,275,0.1306430749321993,False,FAIL: exceptions_e > theta_N.
1593,1593-1642,candidate_vowel_level,Each adjacent considered vowel window is one TP candidate; exceptions are disharmonic windows.,baseline_no_excluded_vowels,baseline,NONE,3179,0,3179,2218,0.6977036804026423,394.2054912253226,394,0.12400298560091934,False,FAIL: exceptions_e > theta_N.
1593,1593-1642,candidate_vowel_level,Each adjacent considered vowel window is one TP candidate; exceptions are disharmonic windows.,discard_wordforms_containing_ㅜ,discard_wordforms_containing,ㅜ,2384,0,2384,1614,0.677013422818792,306.56326903427305,306,0.12859197526605412,False,FAIL: exceptions_e > theta_N.
1593,1593-1642,candidate_vowel_level,Each adjacent considered vowel window is one TP candidate; exceptions are disharmonic windows.,discard_wordforms_containing_ㅡ,discard_wordforms_containing,ㅡ,2311,0,2311,1646,0.7122457810471657,298.3692740191966,298,0.12910829684950093,False,FAIL: exceptions_e > theta_N.
1593,1593-1642,candidate_vowel_level,Each adjacent considered vowel window is one TP candidate; exceptions are disharmonic windows.,discard_wordforms_containing_ㅡㅜ,discard_wordforms_containing,ㅡ+ㅜ,1770,0,1770,1219,0.6887005649717514,236.67104681246678,236,0.1337124558262524,False,FAIL: exceptions_e > theta_N.
1593,1593-1642,candidate_vowel_level,Each adjacent considered vowel window is one TP candidate; exceptions are disharmonic windows.,discard_wordforms_containing_ㅡㅣ,discard_wordforms_containing,ㅡ+ㅣ,648,0,648,251,0.3873456790123457,100.09436834716978,100,0.15446661781970644,False,FAIL: exceptions_e > theta_N.
1593,1593-1642,candidate_vowel_level,Each adjacent considered vowel window is one TP candidate; exceptions are disharmonic windows.,discard_wordforms_containing_ㅡㅣㅜ,discard_wordforms_containing,ㅡ+ㅣ+ㅜ,528,0,528,192,0.36363636363636365,84.22266561327221,84,0.15951262426756102,False,FAIL: exceptions_e > theta_N.
1593,1593-1642,candidate_vowel_level,Each adjacent considered vowel window is one TP candidate; exceptions are disharmonic windows.,discard_wordforms_containing_ㅣ,discard_wordforms_containing,ㅣ,950,0,950,396,0.4168421052631579,138.55542437696053,138,0.14584781513364267,False,FAIL: exceptions_e > theta_N.
1593,1593-1642,candidate_vowel_level,Each adjacent considered vowel window is one TP candidate; exceptions are disharmonic windows.,discard_wordforms_containing_ㅣㅜ,discard_wordforms_containing,ㅣ+ㅜ,791,0,791,318,0.4020227560050569,118.53209669650111,118,0.14985094399051974,False,FAIL: exceptions_e > theta_N.
1593,1593-1642,candidate_vowel_level,Each adjacent considered vowel window is one TP candidate; exceptions are disharmonic windows.,exclude_from_consideration_ㅜ,exclude_from_consideration,ㅜ,2938,0,2938,2029,0.6906058543226685,367.91757002472974,367,0.12522721920514968,False,FAIL: exceptions_e > theta_N.
1593,1593-1642,candidate_vowel_level,Each adjacent considered vowel window is one TP candidate; exceptions are disharmonic windows.,exclude_from_consideration_ㅡ,exclude_from_consideration,ㅡ,2862,0,2862,2026,0.7078965758211041,359.58044605330485,359,0.12563956885160896,False,FAIL: exceptions_e > theta_N.
1593,1593-1642,candidate_vowel_level,Each adjacent considered vowel window is one TP candidate; exceptions are disharmonic windows.,exclude_from_consideration_ㅡㅜ,exclude_from_consideration,ㅡ+ㅜ,2622,0,2622,1820,0.6941266209000763,333.09227275647055,333,0.12703748007493157,False,FAIL: exceptions_e > theta_N.
1593,1593-1642,candidate_vowel_level,Each adjacent considered vowel window is one TP candidate; exceptions are disharmonic windows.,exclude_from_consideration_ㅡㅣ,exclude_from_consideration,ㅡ+ㅣ,1840,0,1840,752,0.40869565217391307,244.76154261047392,244,0.13302257750569235,False,FAIL: exceptions_e > theta_N.
1593,1593-1642,candidate_vowel_level,Each adjacent considered vowel window is one TP candidate; exceptions are disharmonic windows.,exclude_from_consideration_ㅡㅣㅜ,exclude_from_consideration,ㅡ+ㅣ+ㅜ,1616,0,1616,564,0.349009900990099,218.7416894334914,218,0.13535995633260606,False,FAIL: exceptions_e > theta_N.
1593,1593-1642,candidate_vowel_level,Each adjacent considered vowel window is one TP candidate; exceptions are disharmonic windows.,exclude_from_consideration_ㅣ,exclude_from_consideration,ㅣ,2140,0,2140,914,0.42710280373831777,279.06147839952297,279,0.1304025599997771,False,FAIL: exceptions_e > theta_N.
1593,1593-1642,candidate_vowel_level,Each adjacent considered vowel window is one TP candidate; exceptions are disharmonic windows.,exclude_from_consideration_ㅣㅜ,exclude_from_consideration,ㅣ+ㅜ,1913,0,1913,737,0.3852587558808155,253.16194473586793,253,0.13233766060421742,False,FAIL: exceptions_e > theta_N.
1643,1643-1692,candidate_vowel_level,Each adjacent considered vowel window is one TP candidate; exceptions are disharmonic windows.,baseline_no_excluded_vowels,baseline,NONE,2794,0,2794,2016,0.721546170365068,352.10071567311803,352,0.12602029909560417,False,FAIL: exceptions_e > theta_N.
1643,1643-1692,candidate_vowel_level,Each adjacent considered vowel window is one TP candidate; exceptions are disharmonic windows.,discard_wordforms_containing_ㅜ,discard_wordforms_containing,ㅜ,2139,0,2139,1486,0.6947171575502571,278.9480777297336,278,0.1304105085225496,False,FAIL: exceptions_e > theta_N.
1643,1643-1692,candidate_vowel_level,Each adjacent considered vowel window is one TP candidate; exceptions are disharmonic windows.,discard_wordforms_containing_ㅡ,discard_wordforms_containing,ㅡ,2103,0,2103,1525,0.7251545411317166,274.8617132793702,274,0.1306998161100191,False,FAIL: exceptions_e > theta_N.
1643,1643-1692,candidate_vowel_level,Each adjacent considered vowel window is one TP candidate; exceptions are disharmonic windows.,discard_wordforms_containing_ㅡㅜ,discard_wordforms_containing,ㅡ+ㅜ,1579,0,1579,1097,0.694743508549715,214.40558352652386,214,0.13578567671090808,False,FAIL: exceptions_e > theta_N.
1643,1643-1692,candidate_vowel_level,Each adjacent considered vowel window is one TP candidate; exceptions are disharmonic windows.,discard_wordforms_containing_ㅡㅣ,discard_wordforms_containing,ㅡ+ㅣ,625,0,625,253,0.4048,97.08358352493936,97,0.15533373363990297,False,FAIL: exceptions_e > theta_N.
1643,1643-1692,candidate_vowel_level,Each adjacent considered vowel window is one TP candidate; exceptions are disharmonic windows.,discard_wordforms_containing_ㅡㅣㅜ,discard_wordforms_containing,ㅡ+ㅣ+ㅜ,504,0,504,188,0.373015873015873,80.99539134394736,80,0.16070514155545113,False,FAIL: exceptions_e > theta_N.
1643,1643-1692,candidate_vowel_level,Each adjacent considered vowel window is one TP candidate; exceptions are disharmonic windows.,discard_wordforms_containing_ㅣ,discard_wordforms_containing,ㅣ,854,0,854,367,0.4297423887587822,126.51980819980342,126,0.14814965831358715,False,FAIL: exceptions_e > theta_N.
1643,1643-1692,candidate_vowel_level,Each adjacent considered vowel window is one TP candidate; exceptions are disharmonic windows.,discard_wordforms_containing_ㅣㅜ,discard_wordforms_containing,ㅣ+ㅜ,723,0,723,296,0.4094052558782849,109.82151885173579,109,0.15189698319742156,False,FAIL: exceptions_e > theta_N.
1643,1643-1692,candidate_vowel_level,Each adjacent considered vowel window is one TP candidate; exceptions are disharmonic windows.,exclude_from_consideration_ㅜ,exclude_from_consideration,ㅜ,2584,0,2584,1836,0.7105263157894737,328.8747779306398,328,0.12727352087099064,False,FAIL: exceptions_e > theta_N.
1643,1643-1692,candidate_vowel_level,Each adjacent considered vowel window is one TP candidate; exceptions are disharmonic windows.,exclude_from_consideration_ㅡ,exclude_from_consideration,ㅡ,2503,0,2503,1833,0.732321214542549,319.8621777058735,319,0.12779152125684118,False,FAIL: exceptions_e > theta_N.
1643,1643-1692,candidate_vowel_level,Each adjacent considered vowel window is one TP candidate; exceptions are disharmonic windows.,exclude_from_consideration_ㅡㅜ,exclude_from_consideration,ㅡ+ㅜ,2295,0,2295,1639,0.714161220043573,296.5695577316676,296,0.12922420816194666,False,FAIL: exceptions_e > theta_N.
1643,1643-1692,candidate_vowel_level,Each adjacent considered vowel window is one TP candidate; exceptions are disharmonic windows.,exclude_from_consideration_ㅡㅣ,exclude_from_consideration,ㅡ+ㅣ,1524,0,1524,647,0.42454068241469817,207.93839659369368,207,0.13644251744993025,False,FAIL: exceptions_e > theta_N.
1643,1643-1692,candidate_vowel_level,Each adjacent considered vowel window is one TP candidate; exceptions are disharmonic windows.,exclude_from_consideration_ㅡㅣㅜ,exclude_from_consideration,ㅡ+ㅣ+ㅜ,1330,0,1330,470,0.3533834586466165,184.90367895720783,184,0.13902532252421643,False,FAIL: exceptions_e > theta_N.
1643,1643-1692,candidate_vowel_level,Each adjacent considered vowel window is one TP candidate; exceptions are disharmonic windows.,exclude_from_consideration_ㅣ,exclude_from_consideration,ㅣ,1787,0,1787,791,0.442641298265249,238.63915007903563,238,0.1335417739670037,False,FAIL: exceptions_e > theta_N.
1643,1643-1692,candidate_vowel_level,Each adjacent considered vowel window is one TP candidate; exceptions are disharmonic windows.,exclude_from_consideration_ㅣㅜ,exclude_from_consideration,ㅣ+ㅜ,1590,0,1590,624,0.39245283018867927,215.69589757557685,215,0.13565779721734395,False,FAIL: exceptions_e > theta_N.
1693,1693-1742,candidate_vowel_level,Each adjacent considered vowel window is one TP candidate; exceptions are disharmonic windows.,baseline_no_excluded_vowels,baseline,NONE,2336,0,2336,1641,0.7024828767123288,301.1785929067268,301,0.12892919216897553,False,FAIL: exceptions_e > theta_N.
1693,1693-1742,candidate_vowel_level,Each adjacent considered vowel window is one TP candidate; exceptions are disharmonic windows.,discard_wordforms_containing_ㅜ,discard_wordforms_containing,ㅜ,1869,0,1869,1284,0.6869983948635634,248.10309297478923,248,0.13274643818875828,False,FAIL: exceptions_e > theta_N.
1693,1693-1742,candidate_vowel_level,Each adjacent considered vowel window is one TP candidate; exceptions are disharmonic windows.,discard_wordforms_containing_ㅡ,discard_wordforms_containing,ㅡ,1775,0,1775,1256,0.7076056338028169,237.25012159529427,237,0.13366204033537707,False,FAIL: exceptions_e > theta_N.
1693,1693-1742,candidate_vowel_level,Each adjacent considered vowel window is one TP candidate; exceptions are disharmonic windows.,discard_wordforms_containing_ㅡㅜ,discard_wordforms_containing,ㅡ+ㅜ,1381,0,1381,948,0.6864590876176684,190.99480506561136,190,0.13830181395047889,False,FAIL: exceptions_e > theta_N.
1693,1693-1742,candidate_vowel_level,Each adjacent considered vowel window is one TP candidate; exceptions are disharmonic windows.,discard_wordforms_containing_ㅡㅣ,discard_wordforms_containing,ㅡ+ㅣ,631,0,631,258,0.40887480190174325,97.87033738636539,97,0.15510354577870902,False,FAIL: exceptions_e > theta_N.
1693,1693-1742,candidate_vowel_level,Each adjacent considered vowel window is one TP candidate; exceptions are disharmonic windows.,discard_wordforms_containing_ㅡㅣㅜ,discard_wordforms_containing,ㅡ+ㅣ+ㅜ,507,0,507,192,0.378698224852071,81.39987224999332,81,0.1605520162721762,False,FAIL: exceptions_e > theta_N.
1693,1693-1742,candidate_vowel_level,Each adjacent considered vowel window is one TP candidate; exceptions are disharmonic windows.,discard_wordforms_containing_ㅣ,discard_wordforms_containing,ㅣ,872,0,872,372,0.42660550458715596,128.78852751213878,128,0.147693265495572,False,FAIL: exceptions_e > theta_N.
1693,1693-1742,candidate_vowel_level,Each adjacent considered vowel window is one TP candidate; exceptions are disharmonic windows.,discard_wordforms_containing_ㅣㅜ,discard_wordforms_containing,ㅣ+ㅜ,736,0,736,301,0.40896739130434784,111.49437101303826,111,0.15148691713728024,False,FAIL: exceptions_e > theta_N.
1693,1693-1742,candidate_vowel_level,Each adjacent considered vowel window is one TP candidate; exceptions are disharmonic windows.,exclude_from_consideration_ㅜ,exclude_from_consideration,ㅜ,2173,0,2173,1516,0.6976530142659917,282.8004250964736,282,0.13014285554370622,False,FAIL: exceptions_e > theta_N.
1693,1693-1742,candidate_vowel_level,Each adjacent considered vowel window is one TP candidate; exceptions are disharmonic windows.,exclude_from_consideration_ㅡ,exclude_from_consideration,ㅡ,2057,0,2057,1455,0.7073407875546913,269.6289095867236,269,0.1310787115151792,False,FAIL: exceptions_e > theta_N.
1693,1693-1742,candidate_vowel_level,Each adjacent considered vowel window is one TP candidate; exceptions are disharmonic windows.,exclude_from_consideration_ㅡㅜ,exclude_from_consideration,ㅡ+ㅜ,1895,0,1895,1318,0.6955145118733509,251.09401072433852,251,0.1325034357384372,False,FAIL: exceptions_e > theta_N.
1693,1693-1742,candidate_vowel_level,Each adjacent considered vowel window is one TP candidate; exceptions are disharmonic windows.,exclude_from_consideration_ㅡㅣ,exclude_from_consideration,ㅡ+ㅣ,1275,0,1275,526,0.4125490196078431,178.30418561891167,178,0.13984642009326406,False,FAIL: exceptions_e > theta_N.
1693,1693-1742,candidate_vowel_level,Each adjacent considered vowel window is one TP candidate; exceptions are disharmonic windows.,exclude_from_consideration_ㅡㅣㅜ,exclude_from_consideration,ㅡ+ㅣ+ㅜ,1130,0,1130,411,0.363716814159292,160.7403064268302,160,0.14224805878480548,False,FAIL: exceptions_e > theta_N.
1693,1693-1742,candidate_vowel_level,Each adjacent considered vowel window is one TP candidate; exceptions are disharmonic windows.,exclude_from_consideration_ㅣ,exclude_from_consideration,ㅣ,1520,0,1520,659,0.43355263157894736,207.46702163299443,207,0.13649146160065423,False,FAIL: exceptions_e > theta_N.
1693,1693-1742,candidate_vowel_level,Each adjacent considered vowel window is one TP candidate; exceptions are disharmonic windows.,exclude_from_consideration_ㅣㅜ,exclude_from_consideration,ㅣ+ㅜ,1371,0,1371,552,0.4026258205689278,189.80255839161134,189,0.13844096162772526,False,FAIL: exceptions_e > theta_N.
1743,1743-1792,candidate_vowel_level,Each adjacent considered vowel window is one TP candidate; exceptions are disharmonic windows.,baseline_no_excluded_vowels,baseline,NONE,2938,0,2938,2151,0.7321307011572499,367.91757002472974,367,0.12522721920514968,False,FAIL: exceptions_e > theta_N.
1743,1743-1792,candidate_vowel_level,Each adjacent considered vowel window is one TP candidate; exceptions are disharmonic windows.,discard_wordforms_containing_ㅜ,discard_wordforms_containing,ㅜ,2243,0,2243,1609,0.717342844404815,290.7108788229566,290,0.1296080601083177,False,FAIL: exceptions_e > theta_N.
1743,1743-1792,candidate_vowel_level,Each adjacent considered vowel window is one TP candidate; exceptions are disharmonic windows.,discard_wordforms_containing_ㅡ,discard_wordforms_containing,ㅡ,2229,0,2229,1642,0.7366532077164648,289.1309964017278,289,0.129713322746401,False,FAIL: exceptions_e > theta_N.
1743,1743-1792,candidate_vowel_level,Each adjacent considered vowel window is one TP candidate; exceptions are disharmonic windows.,discard_wordforms_containing_ㅡㅜ,discard_wordforms_containing,ㅡ+ㅜ,1710,0,1710,1223,0.7152046783625731,229.7075340324118,229,0.13433189124702444,False,FAIL: exceptions_e > theta_N.
1743,1743-1792,candidate_vowel_level,Each adjacent considered vowel window is one TP candidate; exceptions are disharmonic windows.,discard_wordforms_containing_ㅡㅣ,discard_wordforms_containing,ㅡ+ㅣ,610,0,610,254,0.4163934426229508,95.11248205904474,95,0.1559221017361389,False,FAIL: exceptions_e > theta_N.
1743,1743-1792,candidate_vowel_level,Each adjacent considered vowel window is one TP candidate; exceptions are disharmonic windows.,discard_wordforms_containing_ㅡㅣㅜ,discard_wordforms_containing,ㅡ+ㅣ+ㅜ,483,0,483,186,0.38509316770186336,78.1551291960569,78,0.1618118616895588,False,FAIL: exceptions_e > theta_N.
1743,1743-1792,candidate_vowel_level,Each adjacent considered vowel window is one TP candidate; exceptions are disharmonic windows.,discard_wordforms_containing_ㅣ,discard_wordforms_containing,ㅣ,829,0,829,362,0.436670687575392,123.35905384982289,123,0.14880464879351374,False,FAIL: exceptions_e > theta_N.
1743,1743-1792,candidate_vowel_level,Each adjacent considered vowel window is one TP candidate; exceptions are disharmonic windows.,discard_wordforms_containing_ㅣㅜ,discard_wordforms_containing,ㅣ+ㅜ,680,0,680,283,0.4161764705882353,104.261012690709,104,0.15332501866280734,False,FAIL: exceptions_e > theta_N.
1743,1743-1792,candidate_vowel_level,Each adjacent considered vowel window is one TP candidate; exceptions are disharmonic windows.,exclude_from_consideration_ㅜ,exclude_from_consideration,ㅜ,2734,0,2734,1994,0.7293343087051939,345.48464508133355,345,0.12636600039551338,False,FAIL: exceptions_e > theta_N.
1743,1743-1792,candidate_vowel_level,Each adjacent considered vowel window is one TP candidate; exceptions are disharmonic windows.,exclude_from_consideration_ㅡ,exclude_from_consideration,ㅡ,2665,0,2665,1976,0.7414634146341463,337.85671125793755,337,0.1267755014101079,False,FAIL: exceptions_e > theta_N.
1743,1743-1792,candidate_vowel_level,Each adjacent considered vowel window is one TP candidate; exceptions are disharmonic windows.,exclude_from_consideration_ㅡㅜ,exclude_from_consideration,ㅡ+ㅜ,2464,0,2464,1805,0.7325487012987013,315.51148749563123,315,0.12804849330179838,False,FAIL: exceptions_e > theta_N.
1743,1743-1792,candidate_vowel_level,Each adjacent considered vowel window is one TP candidate; exceptions are disharmonic windows.,exclude_from_consideration_ㅡㅣ,exclude_from_consideration,ㅡ+ㅣ,1555,0,1555,632,0.4064308681672026,211.5867683448102,211,0.13606866131499049,False,FAIL: exceptions_e > theta_N.
1743,1743-1792,candidate_vowel_level,Each adjacent considered vowel window is one TP candidate; exceptions are disharmonic windows.,exclude_from_consideration_ㅡㅣㅜ,exclude_from_consideration,ㅡ+ㅣ+ㅜ,1369,0,1369,498,0.36376917457998537,189.56398803836288,189,0.1384689467044287,False,FAIL: exceptions_e > theta_N.
1743,1743-1792,candidate_vowel_level,Each adjacent considered vowel window is one TP candidate; exceptions are disharmonic windows.,exclude_from_consideration_ㅣ,exclude_from_consideration,ㅣ,1809,0,1809,774,0.42786069651741293,241.18297295176376,241,0.13332392092413695,False,FAIL: exceptions_e > theta_N.
1743,1743-1792,candidate_vowel_level,Each adjacent considered vowel window is one TP candidate; exceptions are disharmonic windows.,exclude_from_consideration_ㅣㅜ,exclude_from_consideration,ㅣ+ㅜ,1619,0,1619,652,0.40271772699197034,219.09276516840438,219,0.135325982191726,False,FAIL: exceptions_e > theta_N.
1793,1793-1842,candidate_vowel_level,Each adjacent considered vowel window is one TP candidate; exceptions are disharmonic windows.,baseline_no_excluded_vowels,baseline,NONE,2561,0,2561,1895,0.7399453338539633,326.3188130852537,326,0.1274185135045895,False,FAIL: exceptions_e > theta_N.
1793,1793-1842,candidate_vowel_level,Each adjacent considered vowel window is one TP candidate; exceptions are disharmonic windows.,discard_wordforms_containing_ㅜ,discard_wordforms_containing,ㅜ,1963,0,1963,1427,0.7269485481406012,258.89483814097764,258,0.13188733476361572,False,FAIL: exceptions_e > theta_N.
1793,1793-1842,candidate_vowel_level,Each adjacent considered vowel window is one TP candidate; exceptions are disharmonic windows.,discard_wordforms_containing_ㅡ,discard_wordforms_containing,ㅡ,2020,0,2020,1490,0.7376237623762376,265.41046787151123,265,0.1313913207284709,False,FAIL: exceptions_e > theta_N.
1793,1793-1842,candidate_vowel_level,Each adjacent considered vowel window is one TP candidate; exceptions are disharmonic windows.,discard_wordforms_containing_ㅡㅜ,discard_wordforms_containing,ㅡ+ㅜ,1522,0,1522,1089,0.7155059132720105,207.7027269061515,207,0.1364669690579182,False,FAIL: exceptions_e > theta_N.
1793,1793-1842,candidate_vowel_level,Each adjacent considered vowel window is one TP candidate; exceptions are disharmonic windows.,discard_wordforms_containing_ㅡㅣ,discard_wordforms_containing,ㅡ+ㅣ,594,0,594,261,0.4393939393939394,93.00316638193127,93,0.15657098717496845,False,FAIL: exceptions_e > theta_N.
1793,1793-1842,candidate_vowel_level,Each adjacent considered vowel window is one TP candidate; exceptions are disharmonic windows.,discard_wordforms_containing_ㅡㅣㅜ,discard_wordforms_containing,ㅡ+ㅣ+ㅜ,463,0,463,190,0.4103671706263499,75.43509118603679,75,0.16292676282081378,False,FAIL: exceptions_e > theta_N.
1793,1793-1842,candidate_vowel_level,Each adjacent considered vowel window is one TP candidate; exceptions are disharmonic windows.,discard_wordforms_containing_ㅣ,discard_wordforms_containing,ㅣ,779,0,779,360,0.4621309370988447,117.00190862301594,117,0.15019500465085486,False,FAIL: exceptions_e > theta_N.
1793,1793-1842,candidate_vowel_level,Each adjacent considered vowel window is one TP candidate; exceptions are disharmonic windows.,discard_wordforms_containing_ㅣㅜ,discard_wordforms_containing,ㅣ+ㅜ,635,0,635,285,0.44881889763779526,98.39431329043023,98,0.15495167447311847,False,FAIL: exceptions_e > theta_N.
1793,1793-1842,candidate_vowel_level,Each adjacent considered vowel window is one TP candidate; exceptions are disharmonic windows.,exclude_from_consideration_ㅜ,exclude_from_consideration,ㅜ,2364,0,2364,1740,0.7360406091370558,304.3211134763217,304,0.12873143548067756,False,FAIL: exceptions_e > theta_N.
1793,1793-1842,candidate_vowel_level,Each adjacent considered vowel window is one TP candidate; exceptions are disharmonic windows.,exclude_from_consideration_ㅡ,exclude_from_consideration,ㅡ,2313,0,2313,1717,0.7423259835711198,298.5941420112275,298,0.12909387894994703,False,FAIL: exceptions_e > theta_N.
1793,1793-1842,candidate_vowel_level,Each adjacent considered vowel window is one TP candidate; exceptions are disharmonic windows.,exclude_from_consideration_ㅡㅜ,exclude_from_consideration,ㅡ+ㅜ,2118,0,2118,1552,0.732766761095373,276.5653008825708,276,0.13057851788601077,False,FAIL: exceptions_e > theta_N.
1793,1793-1842,candidate_vowel_level,Each adjacent considered vowel window is one TP candidate; exceptions are disharmonic windows.,exclude_from_consideration_ㅡㅣ,exclude_from_consideration,ㅡ+ㅣ,1350,0,1350,543,0.4022222222222222,187.29553904766794,187,0.13873743633160587,False,FAIL: exceptions_e > theta_N.
1793,1793-1842,candidate_vowel_level,Each adjacent considered vowel window is one TP candidate; exceptions are disharmonic windows.,exclude_from_consideration_ㅡㅣㅜ,exclude_from_consideration,ㅡ+ㅣ+ㅜ,1172,0,1172,412,0.3515358361774744,165.85374345523687,165,0.14151343298228403,False,FAIL: exceptions_e > theta_N.
1793,1793-1842,candidate_vowel_level,Each adjacent considered vowel window is one TP candidate; exceptions are disharmonic windows.,exclude_from_consideration_ㅣ,exclude_from_consideration,ㅣ,1574,0,1574,686,0.4358322744599746,213.81873743378173,213,0.13584417880164024,False,FAIL: exceptions_e > theta_N.
1793,1793-1842,candidate_vowel_level,Each adjacent considered vowel window is one TP candidate; exceptions are disharmonic windows.,exclude_from_consideration_ㅣㅜ,exclude_from_consideration,ㅣ+ㅜ,1393,0,1393,563,0.40416367552045945,192.42417928537824,192,0.13813652497155654,False,FAIL: exceptions_e > theta_N.
1843,1843-1892,candidate_vowel_level,Each adjacent considered vowel window is one TP candidate; exceptions are disharmonic windows.,baseline_no_excluded_vowels,baseline,NONE,2169,0,2169,1511,0.6966343937298294,282.3475561664411,282,0.13017406923302954,False,FAIL: exceptions_e > theta_N.
1843,1843-1892,candidate_vowel_level,Each adjacent considered vowel window is one TP candidate; exceptions are disharmonic windows.,discard_wordforms_containing_ㅜ,discard_wordforms_containing,ㅜ,1707,0,1707,1177,0.6895137668424136,229.35863877594372,229,0.13436358452017794,False,FAIL: exceptions_e > theta_N.
1843,1843-1892,candidate_vowel_level,Each adjacent considered vowel window is one TP candidate; exceptions are disharmonic windows.,discard_wordforms_containing_ㅡ,discard_wordforms_containing,ㅡ,1541,0,1541,1098,0.7125243348475017,209.94016018569027,209,0.13623631420226495,False,FAIL: exceptions_e > theta_N.
1843,1843-1892,candidate_vowel_level,Each adjacent considered vowel window is one TP candidate; exceptions are disharmonic windows.,discard_wordforms_containing_ㅡㅜ,discard_wordforms_containing,ㅡ+ㅜ,1163,0,1163,810,0.6964746345657782,164.759859294092,164,0.1416679787567429,False,FAIL: exceptions_e > theta_N.
1843,1843-1892,candidate_vowel_level,Each adjacent considered vowel window is one TP candidate; exceptions are disharmonic windows.,discard_wordforms_containing_ㅡㅣ,discard_wordforms_containing,ㅡ+ㅣ,573,0,573,241,0.4205933682373473,90.22363581381025,90,0.15745835220560253,False,FAIL: exceptions_e > theta_N.
1843,1843-1892,candidate_vowel_level,Each adjacent considered vowel window is one TP candidate; exceptions are disharmonic windows.,discard_wordforms_containing_ㅡㅣㅜ,discard_wordforms_containing,ㅡ+ㅣ+ㅜ,451,0,451,185,0.41019955654101997,73.79569830715977,73,0.16362682551476668,False,FAIL: exceptions_e > theta_N.
1843,1843-1892,candidate_vowel_level,Each adjacent considered vowel window is one TP candidate; exceptions are disharmonic windows.,discard_wordforms_containing_ㅣ,discard_wordforms_containing,ㅣ,891,0,891,409,0.4590347923681257,131.17709349314782,131,0.14722457182171472,False,FAIL: exceptions_e > theta_N.
1843,1843-1892,candidate_vowel_level,Each adjacent considered vowel window is one TP candidate; exceptions are disharmonic windows.,discard_wordforms_containing_ㅣㅜ,discard_wordforms_containing,ㅣ+ㅜ,744,0,744,347,0.46639784946236557,112.52198770100054,112,0.1512392307809147,False,FAIL: exceptions_e > theta_N.
1843,1843-1892,candidate_vowel_level,Each adjacent considered vowel window is one TP candidate; exceptions are disharmonic windows.,exclude_from_consideration_ㅜ,exclude_from_consideration,ㅜ,1996,0,1996,1401,0.7019038076152304,262.6695811227649,262,0.13159798653445134,False,FAIL: exceptions_e > theta_N.
1843,1843-1892,candidate_vowel_level,Each adjacent considered vowel window is one TP candidate; exceptions are disharmonic windows.,exclude_from_consideration_ㅡ,exclude_from_consideration,ㅡ,1825,0,1825,1299,0.7117808219178082,243.03083233731965,243,0.13316757936291487,False,FAIL: exceptions_e > theta_N.
1843,1843-1892,candidate_vowel_level,Each adjacent considered vowel window is one TP candidate; exceptions are disharmonic windows.,exclude_from_consideration_ㅡㅜ,exclude_from_consideration,ㅡ+ㅜ,1661,0,1661,1180,0.7104154124021673,224.00010457563178,224,0.1348585819239204,False,FAIL: exceptions_e > theta_N.
1843,1843-1892,candidate_vowel_level,Each adjacent considered vowel window is one TP candidate; exceptions are disharmonic windows.,exclude_from_consideration_ㅡㅣ,exclude_from_consideration,ㅡ+ㅣ,1153,0,1153,493,0.42758022549869906,163.54325711150864,163,0.1418415066014819,False,FAIL: exceptions_e > theta_N.
1843,1843-1892,candidate_vowel_level,Each adjacent considered vowel window is one TP candidate; exceptions are disharmonic windows.,exclude_from_consideration_ㅡㅣㅜ,exclude_from_consideration,ㅡ+ㅣ+ㅜ,1001,0,1001,405,0.4045954045954046,144.88862783160133,144,0.14474388394765367,False,FAIL: exceptions_e > theta_N.
1843,1843-1892,candidate_vowel_level,Each adjacent considered vowel window is one TP candidate; exceptions are disharmonic windows.,exclude_from_consideration_ㅣ,exclude_from_consideration,ㅣ,1464,0,1464,668,0.4562841530054645,200.8525892087556,200,0.13719439153603524,False,FAIL: exceptions_e > theta_N.
1843,1843-1892,candidate_vowel_level,Each adjacent considered vowel window is one TP candidate; exceptions are disharmonic windows.,exclude_from_consideration_ㅣㅜ,exclude_from_consideration,ㅣ+ㅜ,1302,0,1302,584,0.4485407066052227,181.5480065731006,181,0.13943779306689755,False,FAIL: exceptions_e > theta_N.
1893,1893-1942,candidate_vowel_level,Each adjacent considered vowel window is one TP candidate; exceptions are disharmonic windows.,baseline_no_excluded_vowels,baseline,NONE,1764,0,1764,1130,0.6405895691609977,235.9759128216056,235,0.133773193209527,False,FAIL: exceptions_e > theta_N.
1893,1893-1942,candidate_vowel_level,Each adjacent considered vowel window is one TP candidate; exceptions are disharmonic windows.,discard_wordforms_containing_ㅜ,discard_wordforms_containing,ㅜ,1639,0,1639,1059,0.6461256863941428,221.43138063192046,221,0.13510151350330718,False,FAIL: exceptions_e > theta_N.
1893,1893-1942,candidate_vowel_level,Each adjacent considered vowel window is one TP candidate; exceptions are disharmonic windows.,discard_wordforms_containing_ㅡ,discard_wordforms_containing,ㅡ,1085,0,1085,704,0.6488479262672812,155.23650800985186,155,0.1430751225897252,False,FAIL: exceptions_e > theta_N.
1893,1893-1942,candidate_vowel_level,Each adjacent considered vowel window is one TP candidate; exceptions are disharmonic windows.,discard_wordforms_containing_ㅡㅜ,discard_wordforms_containing,ㅡ+ㅜ,993,0,993,650,0.6545820745216515,143.89780565901822,143,0.14491219099599015,False,FAIL: exceptions_e > theta_N.
1893,1893-1942,candidate_vowel_level,Each adjacent considered vowel window is one TP candidate; exceptions are disharmonic windows.,discard_wordforms_containing_ㅡㅣ,discard_wordforms_containing,ㅡ+ㅣ,526,0,526,229,0.435361216730038,83.95446318376719,83,0.15960924559651557,False,FAIL: exceptions_e > theta_N.
1893,1893-1942,candidate_vowel_level,Each adjacent considered vowel window is one TP candidate; exceptions are disharmonic windows.,discard_wordforms_containing_ㅡㅣㅜ,discard_wordforms_containing,ㅡ+ㅣ+ㅜ,464,0,464,200,0.43103448275862066,75.57145351076001,75,0.16286951187663795,False,FAIL: exceptions_e > theta_N.
1893,1893-1942,candidate_vowel_level,Each adjacent considered vowel window is one TP candidate; exceptions are disharmonic windows.,discard_wordforms_containing_ㅣ,discard_wordforms_containing,ㅣ,976,0,976,469,0.4805327868852459,141.78910508302545,141,0.14527572242113262,False,FAIL: exceptions_e > theta_N.
1893,1893-1942,candidate_vowel_level,Each adjacent considered vowel window is one TP candidate; exceptions are disharmonic windows.,discard_wordforms_containing_ㅣㅜ,discard_wordforms_containing,ㅣ+ㅜ,894,0,894,434,0.4854586129753915,131.5536648549464,131,0.14715175039703177,False,FAIL: exceptions_e > theta_N.
1893,1893-1942,candidate_vowel_level,Each adjacent considered vowel window is one TP candidate; exceptions are disharmonic windows.,exclude_from_consideration_ㅜ,exclude_from_consideration,ㅜ,1687,0,1687,1094,0.6484884410195614,227.03088431013575,227,0.1345766949082014,False,FAIL: exceptions_e > theta_N.
1893,1893-1942,candidate_vowel_level,Each adjacent considered vowel window is one TP candidate; exceptions are disharmonic windows.,exclude_from_consideration_ㅡ,exclude_from_consideration,ㅡ,1383,0,1383,882,0.6377440347071583,191.23313388320935,191,0.1382741387441861,False,FAIL: exceptions_e > theta_N.
1893,1893-1942,candidate_vowel_level,Each adjacent considered vowel window is one TP candidate; exceptions are disharmonic windows.,exclude_from_consideration_ㅡㅜ,exclude_from_consideration,ㅡ+ㅜ,1310,0,1310,846,0.6458015267175573,182.50762199816103,182,0.13931879541844353,False,FAIL: exceptions_e > theta_N.
1893,1893-1942,candidate_vowel_level,Each adjacent considered vowel window is one TP candidate; exceptions are disharmonic windows.,exclude_from_consideration_ㅡㅣ,exclude_from_consideration,ㅡ+ㅣ,969,0,969,406,0.41898864809081526,140.91953330655116,140,0.1454277949500012,False,FAIL: exceptions_e > theta_N.
1893,1893-1942,candidate_vowel_level,Each adjacent considered vowel window is one TP candidate; exceptions are disharmonic windows.,exclude_from_consideration_ㅡㅣㅜ,exclude_from_consideration,ㅡ+ㅣ+ㅜ,901,0,901,375,0.416204217536071,132.43173421412655,132,0.1469830568414279,False,FAIL: exceptions_e > theta_N.
1893,1893-1942,candidate_vowel_level,Each adjacent considered vowel window is one TP candidate; exceptions are disharmonic windows.,exclude_from_consideration_ㅣ,exclude_from_consideration,ㅣ,1312,0,1312,609,0.4641768292682927,182.74741877254175,182,0.13928919113760804,False,FAIL: exceptions_e > theta_N.
1893,1893-1942,candidate_vowel_level,Each adjacent considered vowel window is one TP candidate; exceptions are disharmonic windows.,exclude_from_consideration_ㅣㅜ,exclude_from_consideration,ㅣ+ㅜ,1239,0,1239,581,0.4689265536723164,173.9665238136953,173,0.14040881663736504,False,FAIL: exceptions_e > theta_N.
1943,1943-1992,candidate_vowel_level,Each adjacent considered vowel window is one TP candidate; exceptions are disharmonic windows.,baseline_no_excluded_vowels,baseline,NONE,1904,0,1904,1224,0.6428571428571429,252.12825193861346,252,0.13242030038792724,False,FAIL: exceptions_e > theta_N.
1943,1943-1992,candidate_vowel_level,Each adjacent considered vowel window is one TP candidate; exceptions are disharmonic windows.,discard_wordforms_containing_ㅜ,discard_wordforms_containing,ㅜ,1707,0,1707,1113,0.6520210896309314,229.35863877594372,229,0.13436358452017794,False,FAIL: exceptions_e > theta_N.
1943,1943-1992,candidate_vowel_level,Each adjacent considered vowel window is one TP candidate; exceptions are disharmonic windows.,discard_wordforms_containing_ㅡ,discard_wordforms_containing,ㅡ,1169,0,1169,753,0.6441402908468776,165.48922612424485,165,0.14156477854939678,False,FAIL: exceptions_e > theta_N.
1943,1943-1992,candidate_vowel_level,Each adjacent considered vowel window is one TP candidate; exceptions are disharmonic windows.,discard_wordforms_containing_ㅡㅜ,discard_wordforms_containing,ㅡ+ㅜ,1019,0,1019,666,0.6535819430814525,147.11451198946537,147,0.1443714543566883,False,FAIL: exceptions_e > theta_N.
1943,1943-1992,candidate_vowel_level,Each adjacent considered vowel window is one TP candidate; exceptions are disharmonic windows.,discard_wordforms_containing_ㅡㅣ,discard_wordforms_containing,ㅡ+ㅣ,548,0,548,239,0.43613138686131386,86.89757028751754,86,0.1585722085538641,False,FAIL: exceptions_e > theta_N.
1943,1943-1992,candidate_vowel_level,Each adjacent considered vowel window is one TP candidate; exceptions are disharmonic windows.,discard_wordforms_containing_ㅡㅣㅜ,discard_wordforms_containing,ㅡ+ㅣ+ㅜ,460,0,460,200,0.43478260869565216,75.02577188903973,75,0.16309950410660812,False,FAIL: exceptions_e > theta_N.
1943,1943-1992,candidate_vowel_level,Each adjacent considered vowel window is one TP candidate; exceptions are disharmonic windows.,discard_wordforms_containing_ㅣ,discard_wordforms_containing,ㅣ,999,0,999,485,0.4854854854854855,144.64101188133895,144,0.14478579767901797,False,FAIL: exceptions_e > theta_N.
1943,1943-1992,candidate_vowel_level,Each adjacent considered vowel window is one TP candidate; exceptions are disharmonic windows.,discard_wordforms_containing_ㅣㅜ,discard_wordforms_containing,ㅣ+ㅜ,883,0,883,437,0.49490373725934317,130.17214623904235,130,0.14742032416652587,False,FAIL: exceptions_e > theta_N.
1943,1943-1992,candidate_vowel_level,Each adjacent considered vowel window is one TP candidate; exceptions are disharmonic windows.,exclude_from_consideration_ㅜ,exclude_from_consideration,ㅜ,1798,0,1798,1174,0.6529477196885428,239.9115007294023,239,0.13343242532224822,False,FAIL: exceptions_e > theta_N.
1943,1943-1992,candidate_vowel_level,Each adjacent considered vowel window is one TP candidate; exceptions are disharmonic windows.,exclude_from_consideration_ㅡ,exclude_from_consideration,ㅡ,1506,0,1506,973,0.6460823373173971,205.816083496416,205,0.1366640660666773,False,FAIL: exceptions_e > theta_N.
1943,1943-1992,candidate_vowel_level,Each adjacent considered vowel window is one TP candidate; exceptions are disharmonic windows.,exclude_from_consideration_ㅡㅜ,exclude_from_consideration,ㅡ+ㅜ,1405,0,1405,921,0.6555160142348755,193.85212589200495,193,0.1379730433395053,False,FAIL: exceptions_e > theta_N.
1943,1943-1992,candidate_vowel_level,Each adjacent considered vowel window is one TP candidate; exceptions are disharmonic windows.,exclude_from_consideration_ㅡㅣ,exclude_from_consideration,ㅡ+ㅣ,1076,0,1076,478,0.44423791821561337,154.1325190041683,154,0.1432458355057326,False,FAIL: exceptions_e > theta_N.
1943,1943-1992,candidate_vowel_level,Each adjacent considered vowel window is one TP candidate; exceptions are disharmonic windows.,exclude_from_consideration_ㅡㅣㅜ,exclude_from_consideration,ㅡ+ㅣ+ㅜ,981,0,981,432,0.44036697247706424,142.40976715542837,142,0.14516795836435104,False,FAIL: exceptions_e > theta_N.
1943,1943-1992,candidate_vowel_level,Each adjacent considered vowel window is one TP candidate; exceptions are disharmonic windows.,exclude_from_consideration_ㅣ,exclude_from_consideration,ㅣ,1441,0,1441,690,0.47883414295628035,198.127547666945,198,0.13749309345381333,False,FAIL: exceptions_e > theta_N.
1943,1943-1992,candidate_vowel_level,Each adjacent considered vowel window is one TP candidate; exceptions are disharmonic windows.,exclude_from_consideration_ㅣㅜ,exclude_from_consideration,ㅣ+ㅜ,1339,0,1339,647,0.4831964152352502,185.98053075542717,185,0.13889509391742133,False,FAIL: exceptions_e > theta_N.
1993,1993-2042,candidate_vowel_level,Each adjacent considered vowel window is one TP candidate; exceptions are disharmonic windows.,baseline_no_excluded_vowels,baseline,NONE,1013,0,1013,643,0.6347482724580454,146.37307945885124,146,0.1444946490215708,False,FAIL: exceptions_e > theta_N.
1993,1993-2042,candidate_vowel_level,Each adjacent considered vowel window is one TP candidate; exceptions are disharmonic windows.,discard_wordforms_containing_ㅜ,discard_wordforms_containing,ㅜ,806,0,806,516,0.6401985111662531,120.44081201202955,120,0.14943028785611606,False,FAIL: exceptions_e > theta_N.
1993,1993-2042,candidate_vowel_level,Each adjacent considered vowel window is one TP candidate; exceptions are disharmonic windows.,discard_wordforms_containing_ㅡ,discard_wordforms_containing,ㅡ,567,0,567,363,0.6402116402116402,89.42710859724274,89,0.15771976824910536,False,FAIL: exceptions_e > theta_N.
1993,1993-2042,candidate_vowel_level,Each adjacent considered vowel window is one TP candidate; exceptions are disharmonic windows.,discard_wordforms_containing_ㅡㅜ,discard_wordforms_containing,ㅡ+ㅜ,446,0,446,285,0.6390134529147982,73.11093133127264,73,0.16392585500285345,False,FAIL: exceptions_e > theta_N.
1993,1993-2042,candidate_vowel_level,Each adjacent considered vowel window is one TP candidate; exceptions are disharmonic windows.,discard_wordforms_containing_ㅡㅣ,discard_wordforms_containing,ㅡ+ㅣ,272,0,272,114,0.41911764705882354,48.52115661295949,48,0.178386605194704,False,FAIL: exceptions_e > theta_N.
1993,1993-2042,candidate_vowel_level,Each adjacent considered vowel window is one TP candidate; exceptions are disharmonic windows.,discard_wordforms_containing_ㅡㅣㅜ,discard_wordforms_containing,ㅡ+ㅣ+ㅜ,194,0,194,73,0.37628865979381443,36.827111539862514,36,0.1898304718549614,False,FAIL: exceptions_e > theta_N.
1993,1993-2042,candidate_vowel_level,Each adjacent considered vowel window is one TP candidate; exceptions are disharmonic windows.,discard_wordforms_containing_ㅣ,discard_wordforms_containing,ㅣ,550,0,550,254,0.4618181818181818,87.16436184250941,87,0.15848065789547164,False,FAIL: exceptions_e > theta_N.
1993,1993-2042,candidate_vowel_level,Each adjacent considered vowel window is one TP candidate; exceptions are disharmonic windows.,discard_wordforms_containing_ㅣㅜ,discard_wordforms_containing,ㅣ+ㅜ,420,0,420,190,0.4523809523809524,69.53349156217568,69,0.1655559322908945,False,FAIL: exceptions_e > theta_N.
1993,1993-2042,candidate_vowel_level,Each adjacent considered vowel window is one TP candidate; exceptions are disharmonic windows.,exclude_from_consideration_ㅜ,exclude_from_consideration,ㅜ,914,0,914,592,0.6477024070021882,134.0602396056692,134,0.14667422276331424,False,FAIL: exceptions_e > theta_N.
1993,1993-2042,candidate_vowel_level,Each adjacent considered vowel window is one TP candidate; exceptions are disharmonic windows.,exclude_from_consideration_ㅡ,exclude_from_consideration,ㅡ,793,0,793,520,0.6557377049180327,118.78684825416956,118,0.14979426009353033,False,FAIL: exceptions_e > theta_N.
1993,1993-2042,candidate_vowel_level,Each adjacent considered vowel window is one TP candidate; exceptions are disharmonic windows.,exclude_from_consideration_ㅡㅜ,exclude_from_consideration,ㅡ+ㅜ,698,0,698,460,0.6590257879656161,106.59386759150256,106,0.15271327735172285,False,FAIL: exceptions_e > theta_N.
1993,1993-2042,candidate_vowel_level,Each adjacent considered vowel window is one TP candidate; exceptions are disharmonic windows.,exclude_from_consideration_ㅡㅣ,exclude_from_consideration,ㅡ+ㅣ,567,0,567,261,0.4603174603174603,89.42710859724274,89,0.15771976824910536,False,FAIL: exceptions_e > theta_N.
1993,1993-2042,candidate_vowel_level,Each adjacent considered vowel window is one TP candidate; exceptions are disharmonic windows.,exclude_from_consideration_ㅡㅣㅜ,exclude_from_consideration,ㅡ+ㅣ+ㅜ,485,0,485,217,0.44742268041237115,78.42631355637957,78,0.16170373929150428,False,FAIL: exceptions_e > theta_N.
1993,1993-2042,candidate_vowel_level,Each adjacent considered vowel window is one TP candidate; exceptions are disharmonic windows.,exclude_from_consideration_ㅣ,exclude_from_consideration,ㅣ,776,0,776,363,0.4677835051546392,116.61890791445718,116,0.15028209782790874,False,FAIL: exceptions_e > theta_N.
1993,1993-2042,candidate_vowel_level,Each adjacent considered vowel window is one TP candidate; exceptions are disharmonic windows.,exclude_from_consideration_ㅣㅜ,exclude_from_consideration,ㅣ+ㅜ,683,0,683,326,0.4773060029282577,104.65035439327949,104,0.15322160233276644,False,FAIL: exceptions_e > theta_N.
