period_start,period_label,analysis_level,analysis_level_description,condition_id,condition_family,condition_excluded_vowels,wordforms_available_before_condition,wordforms_discarded_by_condition,wordforms_too_short_after_condition,wordforms_with_evaluable_windows,N_candidates,exceptions_e,exception_rate_e_over_N,theta_N_float,theta_N_integer_floor,tolerated_exception_rate_theta_over_N,tp_passes,tp_result_description
1443,1443-1492,word_level,Each selected word form is one TP candidate; a word is an exception if any evaluable window inside it is disharmonic.,baseline_no_excluded_vowels,baseline,NONE,403,0,0,403,403,317,0.7866004962779156,67.17857337521579,67,0.1666962118491707,False,FAIL: exceptions_e > theta_N.
1443,1443-1492,word_level,Each selected word form is one TP candidate; a word is an exception if any evaluable window inside it is disharmonic.,discard_wordforms_containing_ㅜ,discard_wordforms_containing,ㅜ,403,77,0,326,326,246,0.754601226993865,56.334159484094336,56,0.1728041701966084,False,FAIL: exceptions_e > theta_N.
1443,1443-1492,word_level,Each selected word form is one TP candidate; a word is an exception if any evaluable window inside it is disharmonic.,discard_wordforms_containing_ㅡ,discard_wordforms_containing,ㅡ,403,118,0,285,285,218,0.7649122807017544,50.420264579162726,50,0.17691320904969376,False,FAIL: exceptions_e > theta_N.
1443,1443-1492,word_level,Each selected word form is one TP candidate; a word is an exception if any evaluable window inside it is disharmonic.,discard_wordforms_containing_ㅡㅜ,discard_wordforms_containing,ㅡ+ㅜ,403,181,0,222,222,161,0.7252252252252253,41.09073785247319,41,0.18509341374987923,False,FAIL: exceptions_e > theta_N.
1443,1443-1492,word_level,Each selected word form is one TP candidate; a word is an exception if any evaluable window inside it is disharmonic.,discard_wordforms_containing_ㅡㅣ,discard_wordforms_containing,ㅡ+ㅣ,403,267,0,136,136,69,0.5073529411764706,27.683605537787216,27,0.20355592307196482,False,FAIL: exceptions_e > theta_N.
1443,1443-1492,word_level,Each selected word form is one TP candidate; a word is an exception if any evaluable window inside it is disharmonic.,discard_wordforms_containing_ㅡㅣㅜ,discard_wordforms_containing,ㅡ+ㅣ+ㅜ,403,293,0,110,110,49,0.44545454545454544,23.40186352027363,23,0.21274421382066935,False,FAIL: exceptions_e > theta_N.
1443,1443-1492,word_level,Each selected word form is one TP candidate; a word is an exception if any evaluable window inside it is disharmonic.,discard_wordforms_containing_ㅣ,discard_wordforms_containing,ㅣ,403,208,0,195,195,109,0.558974358974359,36.980848914221006,36,0.1896453790472872,False,FAIL: exceptions_e > theta_N.
1443,1443-1492,word_level,Each selected word form is one TP candidate; a word is an exception if any evaluable window inside it is disharmonic.,discard_wordforms_containing_ㅣㅜ,discard_wordforms_containing,ㅣ+ㅜ,403,238,0,165,165,85,0.5151515151515151,32.31526870849087,32,0.19585011338479313,False,FAIL: exceptions_e > theta_N.
1443,1443-1492,word_level,Each selected word form is one TP candidate; a word is an exception if any evaluable window inside it is disharmonic.,exclude_from_consideration_ㅜ,exclude_from_consideration,ㅜ,403,0,15,388,388,299,0.770618556701031,65.08969173721978,65,0.1677569374670613,False,FAIL: exceptions_e > theta_N.
1443,1443-1492,word_level,Each selected word form is one TP candidate; a word is an exception if any evaluable window inside it is disharmonic.,exclude_from_consideration_ㅡ,exclude_from_consideration,ㅡ,403,0,37,366,366,281,0.76775956284153,62.006223210394495,62,0.16941591041091392,False,FAIL: exceptions_e > theta_N.
1443,1443-1492,word_level,Each selected word form is one TP candidate; a word is an exception if any evaluable window inside it is disharmonic.,exclude_from_consideration_ㅡㅜ,exclude_from_consideration,ㅡ+ㅜ,403,0,52,351,351,261,0.7435897435897436,59.8895756672781,59,0.17062557170164702,False,FAIL: exceptions_e > theta_N.
1443,1443-1492,word_level,Each selected word form is one TP candidate; a word is an exception if any evaluable window inside it is disharmonic.,exclude_from_consideration_ㅡㅣ,exclude_from_consideration,ㅡ+ㅣ,403,0,92,311,311,178,0.572347266881029,54.18313948924723,54,0.17422231347024833,False,FAIL: exceptions_e > theta_N.
1443,1443-1492,word_level,Each selected word form is one TP candidate; a word is an exception if any evaluable window inside it is disharmonic.,exclude_from_consideration_ㅡㅣㅜ,exclude_from_consideration,ㅡ+ㅣ+ㅜ,403,0,110,293,293,136,0.4641638225255973,51.582939492872654,51,0.1760509880302821,False,FAIL: exceptions_e > theta_N.
1443,1443-1492,word_level,Each selected word form is one TP candidate; a word is an exception if any evaluable window inside it is disharmonic.,exclude_from_consideration_ㅣ,exclude_from_consideration,ㅣ,403,0,56,347,347,218,0.6282420749279539,59.32308651925333,59,0.17095990351369836,False,FAIL: exceptions_e > theta_N.
1443,1443-1492,word_level,Each selected word form is one TP candidate; a word is an exception if any evaluable window inside it is disharmonic.,exclude_from_consideration_ㅣㅜ,exclude_from_consideration,ㅣ+ㅜ,403,0,70,333,333,185,0.5555555555555556,57.33330416298399,57,0.1721720845735255,False,FAIL: exceptions_e > theta_N.
1493,1493-1542,word_level,Each selected word form is one TP candidate; a word is an exception if any evaluable window inside it is disharmonic.,baseline_no_excluded_vowels,baseline,NONE,409,0,0,409,409,331,0.8092909535452323,68.01120262389244,68,0.16628655898262212,False,FAIL: exceptions_e > theta_N.
1493,1493-1542,word_level,Each selected word form is one TP candidate; a word is an exception if any evaluable window inside it is disharmonic.,discard_wordforms_containing_ㅜ,discard_wordforms_containing,ㅜ,409,69,0,340,340,266,0.7823529411764706,58.32958862625238,58,0.17155761360662464,False,FAIL: exceptions_e > theta_N.
1493,1493-1542,word_level,Each selected word form is one TP candidate; a word is an exception if any evaluable window inside it is disharmonic.,discard_wordforms_containing_ㅡ,discard_wordforms_containing,ㅡ,409,112,0,297,297,236,0.7946127946127947,52.16262246970654,52,0.1756317254872274,False,FAIL: exceptions_e > theta_N.
1493,1493-1542,word_level,Each selected word form is one TP candidate; a word is an exception if any evaluable window inside it is disharmonic.,discard_wordforms_containing_ㅡㅜ,discard_wordforms_containing,ㅡ+ㅜ,409,166,0,243,243,186,0.7654320987654321,44.2376264140643,44,0.1820478453253675,False,FAIL: exceptions_e > theta_N.
1493,1493-1542,word_level,Each selected word form is one TP candidate; a word is an exception if any evaluable window inside it is disharmonic.,discard_wordforms_containing_ㅡㅣ,discard_wordforms_containing,ㅡ+ㅣ,409,293,0,116,116,55,0.47413793103448276,24.402608415220122,24,0.2103673139243114,False,FAIL: exceptions_e > theta_N.
1493,1493-1542,word_level,Each selected word form is one TP candidate; a word is an exception if any evaluable window inside it is disharmonic.,discard_wordforms_containing_ㅡㅣㅜ,discard_wordforms_containing,ㅡ+ㅣ+ㅜ,409,314,0,95,95,38,0.4,20.861345675642664,20,0.21959311237518594,False,FAIL: exceptions_e > theta_N.
1493,1493-1542,word_level,Each selected word form is one TP candidate; a word is an exception if any evaluable window inside it is disharmonic.,discard_wordforms_containing_ㅣ,discard_wordforms_containing,ㅣ,409,240,0,169,169,91,0.5384615384615384,32.944120223733165,32,0.19493562262564004,False,FAIL: exceptions_e > theta_N.
1493,1493-1542,word_level,Each selected word form is one TP candidate; a word is an exception if any evaluable window inside it is disharmonic.,discard_wordforms_containing_ㅣㅜ,discard_wordforms_containing,ㅣ+ㅜ,409,263,0,146,146,72,0.4931506849315068,29.296052253408494,29,0.20065789214663352,False,FAIL: exceptions_e > theta_N.
1493,1493-1542,word_level,Each selected word form is one TP candidate; a word is an exception if any evaluable window inside it is disharmonic.,exclude_from_consideration_ㅜ,exclude_from_consideration,ㅜ,409,0,16,393,393,309,0.7862595419847328,65.78716523190745,65,0.16739736700230903,False,FAIL: exceptions_e > theta_N.
1493,1493-1542,word_level,Each selected word form is one TP candidate; a word is an exception if any evaluable window inside it is disharmonic.,exclude_from_consideration_ㅡ,exclude_from_consideration,ㅡ,409,0,34,375,375,301,0.8026666666666666,63.27057202280529,63,0.16872152539414745,False,FAIL: exceptions_e > theta_N.
1493,1493-1542,word_level,Each selected word form is one TP candidate; a word is an exception if any evaluable window inside it is disharmonic.,exclude_from_consideration_ㅡㅜ,exclude_from_consideration,ㅡ+ㅜ,409,0,53,356,356,276,0.7752808988764045,60.59645914299486,60,0.17021477287358106,False,FAIL: exceptions_e > theta_N.
1493,1493-1542,word_level,Each selected word form is one TP candidate; a word is an exception if any evaluable window inside it is disharmonic.,exclude_from_consideration_ㅡㅣ,exclude_from_consideration,ㅡ+ㅣ,409,0,96,313,313,163,0.5207667731629393,54.47075044531752,54,0.17402795669430518,False,FAIL: exceptions_e > theta_N.
1493,1493-1542,word_level,Each selected word form is one TP candidate; a word is an exception if any evaluable window inside it is disharmonic.,exclude_from_consideration_ㅡㅣㅜ,exclude_from_consideration,ㅡ+ㅣ+ㅜ,409,0,115,294,294,123,0.41836734693877553,51.727962311623294,51,0.17594545003953502,False,FAIL: exceptions_e > theta_N.
1493,1493-1542,word_level,Each selected word form is one TP candidate; a word is an exception if any evaluable window inside it is disharmonic.,exclude_from_consideration_ㅣ,exclude_from_consideration,ㅣ,409,0,64,345,345,195,0.5652173913043478,59.03951016346805,59,0.17112901496657407,False,FAIL: exceptions_e > theta_N.
1493,1493-1542,word_level,Each selected word form is one TP candidate; a word is an exception if any evaluable window inside it is disharmonic.,exclude_from_consideration_ㅣㅜ,exclude_from_consideration,ㅣ+ㅜ,409,0,79,330,330,162,0.4909090909090909,56.90545394996781,56,0.172440769545357,False,FAIL: exceptions_e > theta_N.
1543,1543-1592,word_level,Each selected word form is one TP candidate; a word is an exception if any evaluable window inside it is disharmonic.,baseline_no_excluded_vowels,baseline,NONE,942,0,0,942,942,798,0.8471337579617835,137.55830526258973,137,0.14602792490720778,False,FAIL: exceptions_e > theta_N.
1543,1543-1592,word_level,Each selected word form is one TP candidate; a word is an exception if any evaluable window inside it is disharmonic.,discard_wordforms_containing_ㅜ,discard_wordforms_containing,ㅜ,942,201,0,741,741,612,0.8259109311740891,112.1367932629089,112,0.15133170480824412,False,FAIL: exceptions_e > theta_N.
1543,1543-1592,word_level,Each selected word form is one TP candidate; a word is an exception if any evaluable window inside it is disharmonic.,discard_wordforms_containing_ㅡ,discard_wordforms_containing,ㅡ,942,206,0,736,736,618,0.8396739130434783,111.49437101303826,111,0.15148691713728024,False,FAIL: exceptions_e > theta_N.
1543,1543-1592,word_level,Each selected word form is one TP candidate; a word is an exception if any evaluable window inside it is disharmonic.,discard_wordforms_containing_ㅡㅜ,discard_wordforms_containing,ㅡ+ㅜ,942,371,0,571,571,465,0.8143607705779334,89.9582460031539,89,0.1575450893225112,False,FAIL: exceptions_e > theta_N.
1543,1543-1592,word_level,Each selected word form is one TP candidate; a word is an exception if any evaluable window inside it is disharmonic.,discard_wordforms_containing_ㅡㅣ,discard_wordforms_containing,ㅡ+ㅣ,942,678,0,264,264,146,0.553030303030303,47.3461997440102,47,0.17934166569700832,False,FAIL: exceptions_e > theta_N.
1543,1543-1592,word_level,Each selected word form is one TP candidate; a word is an exception if any evaluable window inside it is disharmonic.,discard_wordforms_containing_ㅡㅣㅜ,discard_wordforms_containing,ㅡ+ㅣ+ㅜ,942,729,0,213,213,107,0.5023474178403756,39.72922821896148,39,0.18652219821108676,False,FAIL: exceptions_e > theta_N.
1543,1543-1592,word_level,Each selected word form is one TP candidate; a word is an exception if any evaluable window inside it is disharmonic.,discard_wordforms_containing_ㅣ,discard_wordforms_containing,ㅣ,942,584,0,358,358,214,0.5977653631284916,60.87883544364253,60,0.17005261297106852,False,FAIL: exceptions_e > theta_N.
1543,1543-1592,word_level,Each selected word form is one TP candidate; a word is an exception if any evaluable window inside it is disharmonic.,discard_wordforms_containing_ㅣㅜ,discard_wordforms_containing,ㅣ+ㅜ,942,645,0,297,297,168,0.5656565656565656,52.16262246970654,52,0.1756317254872274,False,FAIL: exceptions_e > theta_N.
1543,1543-1592,word_level,Each selected word form is one TP candidate; a word is an exception if any evaluable window inside it is disharmonic.,exclude_from_consideration_ㅜ,exclude_from_consideration,ㅜ,942,0,30,912,912,758,0.831140350877193,133.80988451974468,133,0.1467213646049832,False,FAIL: exceptions_e > theta_N.
1543,1543-1592,word_level,Each selected word form is one TP candidate; a word is an exception if any evaluable window inside it is disharmonic.,exclude_from_consideration_ㅡ,exclude_from_consideration,ㅡ,942,0,51,891,891,748,0.8395061728395061,131.17709349314782,131,0.14722457182171472,False,FAIL: exceptions_e > theta_N.
1543,1543-1592,word_level,Each selected word form is one TP candidate; a word is an exception if any evaluable window inside it is disharmonic.,exclude_from_consideration_ㅡㅜ,exclude_from_consideration,ㅡ+ㅜ,942,0,86,856,856,701,0.8189252336448598,126.7721747376354,126,0.14809833497387312,False,FAIL: exceptions_e > theta_N.
1543,1543-1592,word_level,Each selected word form is one TP candidate; a word is an exception if any evaluable window inside it is disharmonic.,exclude_from_consideration_ㅡㅣ,exclude_from_consideration,ㅡ+ㅣ,942,0,163,779,779,467,0.5994865211810013,117.00190862301594,117,0.15019500465085486,False,FAIL: exceptions_e > theta_N.
1543,1543-1592,word_level,Each selected word form is one TP candidate; a word is an exception if any evaluable window inside it is disharmonic.,exclude_from_consideration_ㅡㅣㅜ,exclude_from_consideration,ㅡ+ㅣ+ㅜ,942,0,209,733,733,349,0.4761255115961801,111.10865715613598,111,0.15158070553360978,False,FAIL: exceptions_e > theta_N.
1543,1543-1592,word_level,Each selected word form is one TP candidate; a word is an exception if any evaluable window inside it is disharmonic.,exclude_from_consideration_ㅣ,exclude_from_consideration,ㅣ,942,0,111,831,831,523,0.6293622141997594,123.6123400154996,123,0.14875131169133526,False,FAIL: exceptions_e > theta_N.
1543,1543-1592,word_level,Each selected word form is one TP candidate; a word is an exception if any evaluable window inside it is disharmonic.,exclude_from_consideration_ㅣㅜ,exclude_from_consideration,ㅣ+ㅜ,942,0,146,796,796,421,0.5288944723618091,119.1688270288595,119,0.1497095816945471,False,FAIL: exceptions_e > theta_N.
1593,1593-1642,word_level,Each selected word form is one TP candidate; a word is an exception if any evaluable window inside it is disharmonic.,baseline_no_excluded_vowels,baseline,NONE,1000,0,0,1000,1000,802,0.802,144.76482730108395,144,0.14476482730108395,False,FAIL: exceptions_e > theta_N.
1593,1593-1642,word_level,Each selected word form is one TP candidate; a word is an exception if any evaluable window inside it is disharmonic.,discard_wordforms_containing_ㅜ,discard_wordforms_containing,ㅜ,1000,177,0,823,823,648,0.787363304981774,122.59874418918331,122,0.1489656673015593,False,FAIL: exceptions_e > theta_N.
1593,1593-1642,word_level,Each selected word form is one TP candidate; a word is an exception if any evaluable window inside it is disharmonic.,discard_wordforms_containing_ㅡ,discard_wordforms_containing,ㅡ,1000,217,0,783,783,625,0.7982120051085568,117.51229274949453,117,0.15007955651276442,False,FAIL: exceptions_e > theta_N.
1593,1593-1642,word_level,Each selected word form is one TP candidate; a word is an exception if any evaluable window inside it is disharmonic.,discard_wordforms_containing_ㅡㅜ,discard_wordforms_containing,ㅡ+ㅜ,1000,362,0,638,638,501,0.7852664576802508,98.78702105854669,98,0.15483859100085687,False,FAIL: exceptions_e > theta_N.
1593,1593-1642,word_level,Each selected word form is one TP candidate; a word is an exception if any evaluable window inside it is disharmonic.,discard_wordforms_containing_ㅡㅣ,discard_wordforms_containing,ㅡ+ㅣ,1000,686,0,314,314,156,0.4968152866242038,54.61446117348617,54,0.17393140501110246,False,FAIL: exceptions_e > theta_N.
1593,1593-1642,word_level,Each selected word form is one TP candidate; a word is an exception if any evaluable window inside it is disharmonic.,discard_wordforms_containing_ㅡㅣㅜ,discard_wordforms_containing,ㅡ+ㅣ+ㅜ,1000,745,0,255,255,118,0.4627450980392157,46.018385143006135,46,0.18046425546276915,False,FAIL: exceptions_e > theta_N.
1593,1593-1642,word_level,Each selected word form is one TP candidate; a word is an exception if any evaluable window inside it is disharmonic.,discard_wordforms_containing_ㅣ,discard_wordforms_containing,ㅣ,1000,578,0,422,422,224,0.5308056872037915,69.80969876406067,69,0.16542582645512008,False,FAIL: exceptions_e > theta_N.
1593,1593-1642,word_level,Each selected word form is one TP candidate; a word is an exception if any evaluable window inside it is disharmonic.,discard_wordforms_containing_ㅣㅜ,discard_wordforms_containing,ㅣ+ㅜ,1000,644,0,356,356,181,0.5084269662921348,60.59645914299486,60,0.17021477287358106,False,FAIL: exceptions_e > theta_N.
1593,1593-1642,word_level,Each selected word form is one TP candidate; a word is an exception if any evaluable window inside it is disharmonic.,exclude_from_consideration_ㅜ,exclude_from_consideration,ㅜ,1000,0,44,956,956,764,0.799163179916318,139.3025970188903,139,0.14571401361808609,False,FAIL: exceptions_e > theta_N.
1593,1593-1642,word_level,Each selected word form is one TP candidate; a word is an exception if any evaluable window inside it is disharmonic.,exclude_from_consideration_ㅡ,exclude_from_consideration,ㅡ,1000,0,62,938,938,749,0.7985074626865671,137.05936175184283,137,0.14611872254993905,False,FAIL: exceptions_e > theta_N.
1593,1593-1642,word_level,Each selected word form is one TP candidate; a word is an exception if any evaluable window inside it is disharmonic.,exclude_from_consideration_ㅡㅜ,exclude_from_consideration,ㅡ+ㅜ,1000,0,109,891,891,705,0.7912457912457912,131.17709349314782,131,0.14722457182171472,False,FAIL: exceptions_e > theta_N.
1593,1593-1642,word_level,Each selected word form is one TP candidate; a word is an exception if any evaluable window inside it is disharmonic.,exclude_from_consideration_ㅡㅣ,exclude_from_consideration,ㅡ+ㅣ,1000,0,234,766,766,401,0.5234986945169713,115.34091076286806,115,0.1505756015181045,False,FAIL: exceptions_e > theta_N.
1593,1593-1642,word_level,Each selected word form is one TP candidate; a word is an exception if any evaluable window inside it is disharmonic.,exclude_from_consideration_ㅡㅣㅜ,exclude_from_consideration,ㅡ+ㅣ+ㅜ,1000,0,294,706,706,315,0.4461756373937677,107.62826392082685,107,0.15244796589352247,False,FAIL: exceptions_e > theta_N.
1593,1593-1642,word_level,Each selected word form is one TP candidate; a word is an exception if any evaluable window inside it is disharmonic.,exclude_from_consideration_ㅣ,exclude_from_consideration,ㅣ,1000,0,167,833,833,466,0.5594237695078031,123.86555135977027,123,0.14869814088807956,False,FAIL: exceptions_e > theta_N.
1593,1593-1642,word_level,Each selected word form is one TP candidate; a word is an exception if any evaluable window inside it is disharmonic.,exclude_from_consideration_ㅣㅜ,exclude_from_consideration,ㅣ+ㅜ,1000,0,220,780,780,396,0.5076923076923077,117.12953496382923,117,0.15016607046644773,False,FAIL: exceptions_e > theta_N.
1643,1643-1692,word_level,Each selected word form is one TP candidate; a word is an exception if any evaluable window inside it is disharmonic.,baseline_no_excluded_vowels,baseline,NONE,1000,0,0,1000,1000,792,0.792,144.76482730108395,144,0.14476482730108395,False,FAIL: exceptions_e > theta_N.
1643,1643-1692,word_level,Each selected word form is one TP candidate; a word is an exception if any evaluable window inside it is disharmonic.,discard_wordforms_containing_ㅜ,discard_wordforms_containing,ㅜ,1000,149,0,851,851,662,0.7779083431257344,126.14112268589736,126,0.1482269361761426,False,FAIL: exceptions_e > theta_N.
1643,1643-1692,word_level,Each selected word form is one TP candidate; a word is an exception if any evaluable window inside it is disharmonic.,discard_wordforms_containing_ㅡ,discard_wordforms_containing,ㅡ,1000,218,0,782,782,615,0.7864450127877238,117.3847269951114,117,0.15010834654106317,False,FAIL: exceptions_e > theta_N.
1643,1643-1692,word_level,Each selected word form is one TP candidate; a word is an exception if any evaluable window inside it is disharmonic.,discard_wordforms_containing_ㅡㅜ,discard_wordforms_containing,ㅡ+ㅜ,1000,349,0,651,651,501,0.7695852534562212,100.48607410547429,100,0.15435648864128154,False,FAIL: exceptions_e > theta_N.
1643,1643-1692,word_level,Each selected word form is one TP candidate; a word is an exception if any evaluable window inside it is disharmonic.,discard_wordforms_containing_ㅡㅣ,discard_wordforms_containing,ㅡ+ㅣ,1000,669,0,331,331,164,0.4954682779456193,57.048129421952595,57,0.17235084417508337,False,FAIL: exceptions_e > theta_N.
1643,1643-1692,word_level,Each selected word form is one TP candidate; a word is an exception if any evaluable window inside it is disharmonic.,discard_wordforms_containing_ㅡㅣㅜ,discard_wordforms_containing,ㅡ+ㅣ+ㅜ,1000,723,0,277,277,127,0.4584837545126354,49.25304725585486,49,0.1778088348586818,False,FAIL: exceptions_e > theta_N.
1643,1643-1692,word_level,Each selected word form is one TP candidate; a word is an exception if any evaluable window inside it is disharmonic.,discard_wordforms_containing_ㅣ,discard_wordforms_containing,ㅣ,1000,561,0,439,439,231,0.5261958997722096,72.1505534303478,72,0.1643520579278993,False,FAIL: exceptions_e > theta_N.
1643,1643-1692,word_level,Each selected word form is one TP candidate; a word is an exception if any evaluable window inside it is disharmonic.,discard_wordforms_containing_ㅣㅜ,discard_wordforms_containing,ㅣ+ㅜ,1000,620,0,380,380,191,0.5026315789473684,63.97121965565735,63,0.1683453148833088,False,FAIL: exceptions_e > theta_N.
1643,1643-1692,word_level,Each selected word form is one TP candidate; a word is an exception if any evaluable window inside it is disharmonic.,exclude_from_consideration_ㅜ,exclude_from_consideration,ㅜ,1000,0,43,957,957,753,0.786833855799373,139.4270705934977,139,0.14569181880198295,False,FAIL: exceptions_e > theta_N.
1643,1643-1692,word_level,Each selected word form is one TP candidate; a word is an exception if any evaluable window inside it is disharmonic.,exclude_from_consideration_ㅡ,exclude_from_consideration,ㅡ,1000,0,82,918,918,728,0.7930283224400871,134.56075036206278,134,0.1465803380850357,False,FAIL: exceptions_e > theta_N.
1643,1643-1692,word_level,Each selected word form is one TP candidate; a word is an exception if any evaluable window inside it is disharmonic.,exclude_from_consideration_ㅡㅜ,exclude_from_consideration,ㅡ+ㅜ,1000,0,126,874,874,686,0.7848970251716247,129.04025222281663,129,0.14764330917942406,False,FAIL: exceptions_e > theta_N.
1643,1643-1692,word_level,Each selected word form is one TP candidate; a word is an exception if any evaluable window inside it is disharmonic.,exclude_from_consideration_ㅡㅣ,exclude_from_consideration,ㅡ+ㅣ,1000,0,290,710,710,357,0.5028169014084507,108.14491162817086,108,0.15231677694108572,False,FAIL: exceptions_e > theta_N.
1643,1643-1692,word_level,Each selected word form is one TP candidate; a word is an exception if any evaluable window inside it is disharmonic.,exclude_from_consideration_ㅡㅣㅜ,exclude_from_consideration,ㅡ+ㅣ+ㅜ,1000,0,350,650,650,277,0.42615384615384616,100.35553088418682,100,0.15439312443721048,False,FAIL: exceptions_e > theta_N.
1643,1643-1692,word_level,Each selected word form is one TP candidate; a word is an exception if any evaluable window inside it is disharmonic.,exclude_from_consideration_ㅣ,exclude_from_consideration,ㅣ,1000,0,198,802,802,429,0.5349127182044888,119.93225279107195,119,0.1495414623330074,False,FAIL: exceptions_e > theta_N.
1643,1643-1692,word_level,Each selected word form is one TP candidate; a word is an exception if any evaluable window inside it is disharmonic.,exclude_from_consideration_ㅣㅜ,exclude_from_consideration,ㅣ+ㅜ,1000,0,253,747,747,357,0.4779116465863454,112.90698913889314,112,0.15114724114979,False,FAIL: exceptions_e > theta_N.
1693,1693-1742,word_level,Each selected word form is one TP candidate; a word is an exception if any evaluable window inside it is disharmonic.,baseline_no_excluded_vowels,baseline,NONE,1000,0,0,1000,1000,776,0.776,144.76482730108395,144,0.14476482730108395,False,FAIL: exceptions_e > theta_N.
1693,1693-1742,word_level,Each selected word form is one TP candidate; a word is an exception if any evaluable window inside it is disharmonic.,discard_wordforms_containing_ㅜ,discard_wordforms_containing,ㅜ,1000,126,0,874,874,668,0.7643020594965675,129.04025222281663,129,0.14764330917942406,False,FAIL: exceptions_e > theta_N.
1693,1693-1742,word_level,Each selected word form is one TP candidate; a word is an exception if any evaluable window inside it is disharmonic.,discard_wordforms_containing_ㅡ,discard_wordforms_containing,ㅡ,1000,225,0,775,775,594,0.7664516129032258,116.49120034195704,116,0.1503112262476865,False,FAIL: exceptions_e > theta_N.
1693,1693-1742,word_level,Each selected word form is one TP candidate; a word is an exception if any evaluable window inside it is disharmonic.,discard_wordforms_containing_ㅡㅜ,discard_wordforms_containing,ㅡ+ㅜ,1000,338,0,662,662,497,0.7507552870090635,101.92039021328355,101,0.1539582933735401,False,FAIL: exceptions_e > theta_N.
1693,1693-1742,word_level,Each selected word form is one TP candidate; a word is an exception if any evaluable window inside it is disharmonic.,discard_wordforms_containing_ㅡㅣ,discard_wordforms_containing,ㅡ+ㅣ,1000,641,0,359,359,178,0.4958217270194986,61.01994354455989,61,0.1699719875893033,False,FAIL: exceptions_e > theta_N.
1693,1693-1742,word_level,Each selected word form is one TP candidate; a word is an exception if any evaluable window inside it is disharmonic.,discard_wordforms_containing_ㅡㅣㅜ,discard_wordforms_containing,ㅡ+ㅣ+ㅜ,1000,698,0,302,302,137,0.45364238410596025,52.88571223852746,52,0.17511825244545517,False,FAIL: exceptions_e > theta_N.
1693,1693-1742,word_level,Each selected word form is one TP candidate; a word is an exception if any evaluable window inside it is disharmonic.,discard_wordforms_containing_ㅣ,discard_wordforms_containing,ㅣ,1000,520,0,480,480,256,0.5333333333333333,77.74807742312808,77,0.1619751612981835,False,FAIL: exceptions_e > theta_N.
1693,1693-1742,word_level,Each selected word form is one TP candidate; a word is an exception if any evaluable window inside it is disharmonic.,discard_wordforms_containing_ㅣㅜ,discard_wordforms_containing,ㅣ+ㅜ,1000,582,0,418,418,212,0.507177033492823,69.25710975555809,69,0.1656868654439189,False,FAIL: exceptions_e > theta_N.
1693,1693-1742,word_level,Each selected word form is one TP candidate; a word is an exception if any evaluable window inside it is disharmonic.,exclude_from_consideration_ㅜ,exclude_from_consideration,ㅜ,1000,0,43,957,957,739,0.7722048066875653,139.4270705934977,139,0.14569181880198295,False,FAIL: exceptions_e > theta_N.
1693,1693-1742,word_level,Each selected word form is one TP candidate; a word is an exception if any evaluable window inside it is disharmonic.,exclude_from_consideration_ㅡ,exclude_from_consideration,ㅡ,1000,0,94,906,906,694,0.7660044150110376,133.05841826995047,133,0.14686359632444865,False,FAIL: exceptions_e > theta_N.
1693,1693-1742,word_level,Each selected word form is one TP candidate; a word is an exception if any evaluable window inside it is disharmonic.,exclude_from_consideration_ㅡㅜ,exclude_from_consideration,ㅡ+ㅜ,1000,0,140,860,860,653,0.7593023255813953,127.27669161948931,127,0.14799615304591782,False,FAIL: exceptions_e > theta_N.
1693,1693-1742,word_level,Each selected word form is one TP candidate; a word is an exception if any evaluable window inside it is disharmonic.,exclude_from_consideration_ㅡㅣ,exclude_from_consideration,ㅡ+ㅣ,1000,0,332,668,668,328,0.49101796407185627,102.7014766531756,102,0.153744725528706,False,FAIL: exceptions_e > theta_N.
1693,1693-1742,word_level,Each selected word form is one TP candidate; a word is an exception if any evaluable window inside it is disharmonic.,exclude_from_consideration_ㅡㅣㅜ,exclude_from_consideration,ㅡ+ㅣ+ㅜ,1000,0,386,614,614,268,0.4364820846905538,95.63870483885334,95,0.15576336292972856,False,FAIL: exceptions_e > theta_N.
1693,1693-1742,word_level,Each selected word form is one TP candidate; a word is an exception if any evaluable window inside it is disharmonic.,exclude_from_consideration_ㅣ,exclude_from_consideration,ㅣ,1000,0,224,776,776,416,0.5360824742268041,116.61890791445718,116,0.15028209782790874,False,FAIL: exceptions_e > theta_N.
1693,1693-1742,word_level,Each selected word form is one TP candidate; a word is an exception if any evaluable window inside it is disharmonic.,exclude_from_consideration_ㅣㅜ,exclude_from_consideration,ㅣ+ㅜ,1000,0,275,725,725,362,0.4993103448275862,110.07912304648204,110,0.15183327316756143,False,FAIL: exceptions_e > theta_N.
1743,1743-1792,word_level,Each selected word form is one TP candidate; a word is an exception if any evaluable window inside it is disharmonic.,baseline_no_excluded_vowels,baseline,NONE,1000,0,0,1000,1000,808,0.808,144.76482730108395,144,0.14476482730108395,False,FAIL: exceptions_e > theta_N.
1743,1743-1792,word_level,Each selected word form is one TP candidate; a word is an exception if any evaluable window inside it is disharmonic.,discard_wordforms_containing_ㅜ,discard_wordforms_containing,ㅜ,1000,158,0,842,842,670,0.7957244655581948,125.004082410597,125,0.1484609054757684,False,FAIL: exceptions_e > theta_N.
1743,1743-1792,word_level,Each selected word form is one TP candidate; a word is an exception if any evaluable window inside it is disharmonic.,discard_wordforms_containing_ㅡ,discard_wordforms_containing,ㅡ,1000,202,0,798,798,644,0.8070175438596491,119.42338086282412,119,0.14965335947722322,False,FAIL: exceptions_e > theta_N.
1743,1743-1792,word_level,Each selected word form is one TP candidate; a word is an exception if any evaluable window inside it is disharmonic.,discard_wordforms_containing_ㅡㅜ,discard_wordforms_containing,ㅡ+ㅜ,1000,332,0,668,668,530,0.7934131736526946,102.7014766531756,102,0.153744725528706,False,FAIL: exceptions_e > theta_N.
1743,1743-1792,word_level,Each selected word form is one TP candidate; a word is an exception if any evaluable window inside it is disharmonic.,discard_wordforms_containing_ㅡㅣ,discard_wordforms_containing,ㅡ+ㅣ,1000,685,0,315,315,161,0.5111111111111111,54.758109071753694,54,0.17383526689445616,False,FAIL: exceptions_e > theta_N.
1743,1743-1792,word_level,Each selected word form is one TP candidate; a word is an exception if any evaluable window inside it is disharmonic.,discard_wordforms_containing_ㅡㅣㅜ,discard_wordforms_containing,ㅡ+ㅣ+ㅜ,1000,742,0,258,258,120,0.46511627906976744,46.46171038243596,46,0.18008414876913162,False,FAIL: exceptions_e > theta_N.
1743,1743-1792,word_level,Each selected word form is one TP candidate; a word is an exception if any evaluable window inside it is disharmonic.,discard_wordforms_containing_ㅣ,discard_wordforms_containing,ㅣ,1000,584,0,416,416,224,0.5384615384615384,68.98055229995171,68,0.16581863533642238,False,FAIL: exceptions_e > theta_N.
1743,1743-1792,word_level,Each selected word form is one TP candidate; a word is an exception if any evaluable window inside it is disharmonic.,discard_wordforms_containing_ㅣㅜ,discard_wordforms_containing,ㅣ+ㅜ,1000,650,0,350,350,178,0.5085714285714286,59.748035829347444,59,0.17070867379813556,False,FAIL: exceptions_e > theta_N.
1743,1743-1792,word_level,Each selected word form is one TP candidate; a word is an exception if any evaluable window inside it is disharmonic.,exclude_from_consideration_ㅜ,exclude_from_consideration,ㅜ,1000,0,42,958,958,772,0.8058455114822547,139.55152845110422,139,0.14566965391555764,False,FAIL: exceptions_e > theta_N.
1743,1743-1792,word_level,Each selected word form is one TP candidate; a word is an exception if any evaluable window inside it is disharmonic.,exclude_from_consideration_ㅡ,exclude_from_consideration,ㅡ,1000,0,69,931,931,753,0.8088077336197637,136.18558955107744,136,0.14627882873370293,False,FAIL: exceptions_e > theta_N.
1743,1743-1792,word_level,Each selected word form is one TP candidate; a word is an exception if any evaluable window inside it is disharmonic.,exclude_from_consideration_ㅡㅜ,exclude_from_consideration,ㅡ+ㅜ,1000,0,113,887,887,712,0.8027057497181511,130.67475794036125,130,0.1473221622777466,False,FAIL: exceptions_e > theta_N.
1743,1743-1792,word_level,Each selected word form is one TP candidate; a word is an exception if any evaluable window inside it is disharmonic.,exclude_from_consideration_ㅡㅣ,exclude_from_consideration,ㅡ+ㅣ,1000,0,270,730,730,361,0.4945205479452055,110.72274670975686,110,0.15167499549281763,False,FAIL: exceptions_e > theta_N.
1743,1743-1792,word_level,Each selected word form is one TP candidate; a word is an exception if any evaluable window inside it is disharmonic.,exclude_from_consideration_ㅡㅣㅜ,exclude_from_consideration,ㅡ+ㅣ+ㅜ,1000,0,330,670,670,296,0.4417910447761194,102.96164227397563,102,0.15367409294623227,False,FAIL: exceptions_e > theta_N.
1743,1743-1792,word_level,Each selected word form is one TP candidate; a word is an exception if any evaluable window inside it is disharmonic.,exclude_from_consideration_ㅣ,exclude_from_consideration,ㅣ,1000,0,191,809,809,432,0.5339925834363412,120.82202736688501,120,0.14934737622606306,False,FAIL: exceptions_e > theta_N.
1743,1743-1792,word_level,Each selected word form is one TP candidate; a word is an exception if any evaluable window inside it is disharmonic.,exclude_from_consideration_ㅣㅜ,exclude_from_consideration,ㅣ+ㅜ,1000,0,246,754,754,375,0.4973474801061008,113.80458063749418,113,0.15093445707890477,False,FAIL: exceptions_e > theta_N.
1793,1793-1842,word_level,Each selected word form is one TP candidate; a word is an exception if any evaluable window inside it is disharmonic.,baseline_no_excluded_vowels,baseline,NONE,1000,0,0,1000,1000,783,0.783,144.76482730108395,144,0.14476482730108395,False,FAIL: exceptions_e > theta_N.
1793,1793-1842,word_level,Each selected word form is one TP candidate; a word is an exception if any evaluable window inside it is disharmonic.,discard_wordforms_containing_ㅜ,discard_wordforms_containing,ㅜ,1000,152,0,848,848,659,0.777122641509434,125.76227369334241,125,0.1483045680346019,False,FAIL: exceptions_e > theta_N.
1793,1793-1842,word_level,Each selected word form is one TP candidate; a word is an exception if any evaluable window inside it is disharmonic.,discard_wordforms_containing_ㅡ,discard_wordforms_containing,ㅡ,1000,193,0,807,807,629,0.7794299876084263,120.56790318173701,120,0.14940260617315615,False,FAIL: exceptions_e > theta_N.
1793,1793-1842,word_level,Each selected word form is one TP candidate; a word is an exception if any evaluable window inside it is disharmonic.,discard_wordforms_containing_ㅡㅜ,discard_wordforms_containing,ㅡ+ㅜ,1000,330,0,670,670,517,0.7716417910447761,102.96164227397563,102,0.15367409294623227,False,FAIL: exceptions_e > theta_N.
1793,1793-1842,word_level,Each selected word form is one TP candidate; a word is an exception if any evaluable window inside it is disharmonic.,discard_wordforms_containing_ㅡㅣ,discard_wordforms_containing,ㅡ+ㅣ,1000,643,0,357,357,179,0.5014005602240896,60.737674038813104,60,0.17013354072496667,False,FAIL: exceptions_e > theta_N.
1793,1793-1842,word_level,Each selected word form is one TP candidate; a word is an exception if any evaluable window inside it is disharmonic.,discard_wordforms_containing_ㅡㅣㅜ,discard_wordforms_containing,ㅡ+ㅣ+ㅜ,1000,711,0,289,289,136,0.47058823529411764,51.00215989845799,51,0.17647806193238058,False,FAIL: exceptions_e > theta_N.
1793,1793-1842,word_level,Each selected word form is one TP candidate; a word is an exception if any evaluable window inside it is disharmonic.,discard_wordforms_containing_ㅣ,discard_wordforms_containing,ㅣ,1000,532,0,468,468,251,0.5363247863247863,76.11651837104446,76,0.16264213327146254,False,FAIL: exceptions_e > theta_N.
1793,1793-1842,word_level,Each selected word form is one TP candidate; a word is an exception if any evaluable window inside it is disharmonic.,discard_wordforms_containing_ㅣㅜ,discard_wordforms_containing,ㅣ+ㅜ,1000,605,0,395,395,206,0.5215189873417722,66.0658215480276,66,0.16725524442538633,False,FAIL: exceptions_e > theta_N.
1793,1793-1842,word_level,Each selected word form is one TP candidate; a word is an exception if any evaluable window inside it is disharmonic.,exclude_from_consideration_ㅜ,exclude_from_consideration,ㅜ,1000,0,60,940,940,738,0.7851063829787234,137.3088656428906,137,0.14607326132222404,False,FAIL: exceptions_e > theta_N.
1793,1793-1842,word_level,Each selected word form is one TP candidate; a word is an exception if any evaluable window inside it is disharmonic.,exclude_from_consideration_ㅡ,exclude_from_consideration,ㅡ,1000,0,102,898,898,702,0.7817371937639198,132.05552081496748,132,0.14705514567368316,False,FAIL: exceptions_e > theta_N.
1793,1793-1842,word_level,Each selected word form is one TP candidate; a word is an exception if any evaluable window inside it is disharmonic.,exclude_from_consideration_ㅡㅜ,exclude_from_consideration,ㅡ+ㅜ,1000,0,162,838,838,654,0.7804295942720764,124.49825382879025,124,0.1485659353565516,False,FAIL: exceptions_e > theta_N.
1793,1793-1842,word_level,Each selected word form is one TP candidate; a word is an exception if any evaluable window inside it is disharmonic.,exclude_from_consideration_ㅡㅣ,exclude_from_consideration,ㅡ+ㅣ,1000,0,325,675,675,318,0.4711111111111111,103.61162986446233,103,0.15349871091031456,False,FAIL: exceptions_e > theta_N.
1793,1793-1842,word_level,Each selected word form is one TP candidate; a word is an exception if any evaluable window inside it is disharmonic.,exclude_from_consideration_ㅡㅣㅜ,exclude_from_consideration,ㅡ+ㅣ+ㅜ,1000,0,392,608,608,252,0.4144736842105263,94.8492063314052,94,0.1560019840977059,False,FAIL: exceptions_e > theta_N.
1793,1793-1842,word_level,Each selected word form is one TP candidate; a word is an exception if any evaluable window inside it is disharmonic.,exclude_from_consideration_ㅣ,exclude_from_consideration,ㅣ,1000,0,221,779,779,408,0.5237483953786907,117.00190862301594,117,0.15019500465085486,False,FAIL: exceptions_e > theta_N.
1793,1793-1842,word_level,Each selected word form is one TP candidate; a word is an exception if any evaluable window inside it is disharmonic.,exclude_from_consideration_ㅣㅜ,exclude_from_consideration,ㅣ+ㅜ,1000,0,287,713,713,348,0.48807854137447404,108.53215868521865,108,0.15221901638880594,False,FAIL: exceptions_e > theta_N.
1843,1843-1892,word_level,Each selected word form is one TP candidate; a word is an exception if any evaluable window inside it is disharmonic.,baseline_no_excluded_vowels,baseline,NONE,1000,0,0,1000,1000,755,0.755,144.76482730108395,144,0.14476482730108395,False,FAIL: exceptions_e > theta_N.
1843,1843-1892,word_level,Each selected word form is one TP candidate; a word is an exception if any evaluable window inside it is disharmonic.,discard_wordforms_containing_ㅜ,discard_wordforms_containing,ㅜ,1000,143,0,857,857,653,0.7619603267211202,126.89833094341073,126,0.14807273155590517,False,FAIL: exceptions_e > theta_N.
1843,1843-1892,word_level,Each selected word form is one TP candidate; a word is an exception if any evaluable window inside it is disharmonic.,discard_wordforms_containing_ㅡ,discard_wordforms_containing,ㅡ,1000,287,0,713,713,528,0.7405329593267882,108.53215868521865,108,0.15221901638880594,False,FAIL: exceptions_e > theta_N.
1843,1843-1892,word_level,Each selected word form is one TP candidate; a word is an exception if any evaluable window inside it is disharmonic.,discard_wordforms_containing_ㅡㅜ,discard_wordforms_containing,ㅡ+ㅜ,1000,408,0,592,592,436,0.7364864864864865,92.73899658298973,92,0.1566537104442394,False,FAIL: exceptions_e > theta_N.
1843,1843-1892,word_level,Each selected word form is one TP candidate; a word is an exception if any evaluable window inside it is disharmonic.,discard_wordforms_containing_ㅡㅣ,discard_wordforms_containing,ㅡ+ㅣ,1000,635,0,365,365,180,0.4931506849315068,61.865483096645306,61,0.1694944742373844,False,FAIL: exceptions_e > theta_N.
1843,1843-1892,word_level,Each selected word form is one TP candidate; a word is an exception if any evaluable window inside it is disharmonic.,discard_wordforms_containing_ㅡㅣㅜ,discard_wordforms_containing,ㅡ+ㅣ+ㅜ,1000,709,0,291,291,135,0.4639175257731959,51.29268795308428,51,0.1762635324848257,False,FAIL: exceptions_e > theta_N.
1843,1843-1892,word_level,Each selected word form is one TP candidate; a word is an exception if any evaluable window inside it is disharmonic.,discard_wordforms_containing_ㅣ,discard_wordforms_containing,ㅣ,1000,447,0,553,553,308,0.5569620253164557,87.5643154143752,87,0.15834415083973816,False,FAIL: exceptions_e > theta_N.
1843,1843-1892,word_level,Each selected word form is one TP candidate; a word is an exception if any evaluable window inside it is disharmonic.,discard_wordforms_containing_ㅣㅜ,discard_wordforms_containing,ㅣ+ㅜ,1000,537,0,463,463,259,0.5593952483801296,75.43509118603679,75,0.16292676282081378,False,FAIL: exceptions_e > theta_N.
1843,1843-1892,word_level,Each selected word form is one TP candidate; a word is an exception if any evaluable window inside it is disharmonic.,exclude_from_consideration_ㅜ,exclude_from_consideration,ㅜ,1000,0,60,940,940,715,0.7606382978723404,137.3088656428906,137,0.14607326132222404,False,FAIL: exceptions_e > theta_N.
1843,1843-1892,word_level,Each selected word form is one TP candidate; a word is an exception if any evaluable window inside it is disharmonic.,exclude_from_consideration_ㅡ,exclude_from_consideration,ㅡ,1000,0,132,868,868,641,0.738479262672811,128.28486637753684,128,0.14779362485891342,False,FAIL: exceptions_e > theta_N.
1843,1843-1892,word_level,Each selected word form is one TP candidate; a word is an exception if any evaluable window inside it is disharmonic.,exclude_from_consideration_ㅡㅜ,exclude_from_consideration,ㅡ+ㅜ,1000,0,191,809,809,596,0.7367119901112484,120.82202736688501,120,0.14934737622606306,False,FAIL: exceptions_e > theta_N.
1843,1843-1892,word_level,Each selected word form is one TP candidate; a word is an exception if any evaluable window inside it is disharmonic.,exclude_from_consideration_ㅡㅣ,exclude_from_consideration,ㅡ+ㅣ,1000,0,334,666,666,333,0.5,102.44121301314695,102,0.1538156351548753,False,FAIL: exceptions_e > theta_N.
1843,1843-1892,word_level,Each selected word form is one TP candidate; a word is an exception if any evaluable window inside it is disharmonic.,exclude_from_consideration_ㅡㅣㅜ,exclude_from_consideration,ㅡ+ㅣ+ㅜ,1000,0,400,600,600,280,0.4666666666666667,93.79499734075574,93,0.15632499556792623,False,FAIL: exceptions_e > theta_N.
1843,1843-1892,word_level,Each selected word form is one TP candidate; a word is an exception if any evaluable window inside it is disharmonic.,exclude_from_consideration_ㅣ,exclude_from_consideration,ㅣ,1000,0,190,810,810,451,0.5567901234567901,120.94906044152852,120,0.14931982770559077,False,FAIL: exceptions_e > theta_N.
1843,1843-1892,word_level,Each selected word form is one TP candidate; a word is an exception if any evaluable window inside it is disharmonic.,exclude_from_consideration_ㅣㅜ,exclude_from_consideration,ㅣ+ㅜ,1000,0,258,742,742,403,0.5431266846361186,112.26521291291506,112,0.15130082602818742,False,FAIL: exceptions_e > theta_N.
1893,1893-1942,word_level,Each selected word form is one TP candidate; a word is an exception if any evaluable window inside it is disharmonic.,baseline_no_excluded_vowels,baseline,NONE,1000,0,0,1000,1000,776,0.776,144.76482730108395,144,0.14476482730108395,False,FAIL: exceptions_e > theta_N.
1893,1893-1942,word_level,Each selected word form is one TP candidate; a word is an exception if any evaluable window inside it is disharmonic.,discard_wordforms_containing_ㅜ,discard_wordforms_containing,ㅜ,1000,73,0,927,927,726,0.7831715210355987,135.68593391387043,135,0.14637101824581492,False,FAIL: exceptions_e > theta_N.
1893,1893-1942,word_level,Each selected word form is one TP candidate; a word is an exception if any evaluable window inside it is disharmonic.,discard_wordforms_containing_ㅡ,discard_wordforms_containing,ㅡ,1000,350,0,650,650,484,0.7446153846153846,100.35553088418682,100,0.15439312443721048,False,FAIL: exceptions_e > theta_N.
1893,1893-1942,word_level,Each selected word form is one TP candidate; a word is an exception if any evaluable window inside it is disharmonic.,discard_wordforms_containing_ㅡㅜ,discard_wordforms_containing,ㅡ+ㅜ,1000,409,0,591,591,441,0.7461928934010152,92.60686901472492,92,0.15669520983879004,False,FAIL: exceptions_e > theta_N.
1893,1893-1942,word_level,Each selected word form is one TP candidate; a word is an exception if any evaluable window inside it is disharmonic.,discard_wordforms_containing_ㅡㅣ,discard_wordforms_containing,ㅡ+ㅣ,1000,654,0,346,346,180,0.5202312138728323,59.18132615638035,59,0.1710442952496542,False,FAIL: exceptions_e > theta_N.
1893,1893-1942,word_level,Each selected word form is one TP candidate; a word is an exception if any evaluable window inside it is disharmonic.,discard_wordforms_containing_ㅡㅣㅜ,discard_wordforms_containing,ㅡ+ㅣ+ㅜ,1000,698,0,302,302,152,0.5033112582781457,52.88571223852746,52,0.17511825244545517,False,FAIL: exceptions_e > theta_N.
1893,1893-1942,word_level,Each selected word form is one TP candidate; a word is an exception if any evaluable window inside it is disharmonic.,discard_wordforms_containing_ㅣ,discard_wordforms_containing,ㅣ,1000,412,0,588,588,364,0.6190476190476191,92.21031491614492,92,0.1568202634628315,False,FAIL: exceptions_e > theta_N.
1893,1893-1942,word_level,Each selected word form is one TP candidate; a word is an exception if any evaluable window inside it is disharmonic.,discard_wordforms_containing_ㅣㅜ,discard_wordforms_containing,ㅣ+ㅜ,1000,466,0,534,534,333,0.6235955056179775,85.02648777125663,85,0.1592256325304431,False,FAIL: exceptions_e > theta_N.
1893,1893-1942,word_level,Each selected word form is one TP candidate; a word is an exception if any evaluable window inside it is disharmonic.,exclude_from_consideration_ㅜ,exclude_from_consideration,ㅜ,1000,0,39,961,961,753,0.7835587929240374,139.92480792369196,139,0.14560333810998122,False,FAIL: exceptions_e > theta_N.
1893,1893-1942,word_level,Each selected word form is one TP candidate; a word is an exception if any evaluable window inside it is disharmonic.,exclude_from_consideration_ㅡ,exclude_from_consideration,ㅡ,1000,0,139,861,861,624,0.7247386759581882,127.4027759505131,127,0.14797070377527655,False,FAIL: exceptions_e > theta_N.
1893,1893-1942,word_level,Each selected word form is one TP candidate; a word is an exception if any evaluable window inside it is disharmonic.,exclude_from_consideration_ㅡㅜ,exclude_from_consideration,ㅡ+ㅜ,1000,0,179,821,821,599,0.7295980511571255,122.34515649659879,122,0.14901967904579633,False,FAIL: exceptions_e > theta_N.
1893,1893-1942,word_level,Each selected word form is one TP candidate; a word is an exception if any evaluable window inside it is disharmonic.,exclude_from_consideration_ㅡㅣ,exclude_from_consideration,ㅡ+ㅣ,1000,0,330,670,670,323,0.48208955223880595,102.96164227397563,102,0.15367409294623227,False,FAIL: exceptions_e > theta_N.
1893,1893-1942,word_level,Each selected word form is one TP candidate; a word is an exception if any evaluable window inside it is disharmonic.,exclude_from_consideration_ㅡㅣㅜ,exclude_from_consideration,ㅡ+ㅣ+ㅜ,1000,0,377,623,623,295,0.47351524879614765,96.82111990036559,96,0.15541110738421443,False,FAIL: exceptions_e > theta_N.
1893,1893-1942,word_level,Each selected word form is one TP candidate; a word is an exception if any evaluable window inside it is disharmonic.,exclude_from_consideration_ㅣ,exclude_from_consideration,ㅣ,1000,0,179,821,821,482,0.587088915956151,122.34515649659879,122,0.14901967904579633,False,FAIL: exceptions_e > theta_N.
1893,1893-1942,word_level,Each selected word form is one TP candidate; a word is an exception if any evaluable window inside it is disharmonic.,exclude_from_consideration_ㅣㅜ,exclude_from_consideration,ㅣ+ㅜ,1000,0,225,775,775,457,0.5896774193548387,116.49120034195704,116,0.1503112262476865,False,FAIL: exceptions_e > theta_N.
1943,1943-1992,word_level,Each selected word form is one TP candidate; a word is an exception if any evaluable window inside it is disharmonic.,baseline_no_excluded_vowels,baseline,NONE,1000,0,0,1000,1000,789,0.789,144.76482730108395,144,0.14476482730108395,False,FAIL: exceptions_e > theta_N.
1943,1943-1992,word_level,Each selected word form is one TP candidate; a word is an exception if any evaluable window inside it is disharmonic.,discard_wordforms_containing_ㅜ,discard_wordforms_containing,ㅜ,1000,102,0,898,898,716,0.7973273942093542,132.05552081496748,132,0.14705514567368316,False,FAIL: exceptions_e > theta_N.
1943,1943-1992,word_level,Each selected word form is one TP candidate; a word is an exception if any evaluable window inside it is disharmonic.,discard_wordforms_containing_ㅡ,discard_wordforms_containing,ㅡ,1000,358,0,642,642,493,0.7679127725856698,99.31026847193795,99,0.1546888917008379,False,FAIL: exceptions_e > theta_N.
1943,1943-1992,word_level,Each selected word form is one TP candidate; a word is an exception if any evaluable window inside it is disharmonic.,discard_wordforms_containing_ㅡㅜ,discard_wordforms_containing,ㅡ+ㅜ,1000,440,0,560,560,431,0.7696428571428572,88.49645929458535,88,0.15802939159747384,False,FAIL: exceptions_e > theta_N.
1943,1943-1992,word_level,Each selected word form is one TP candidate; a word is an exception if any evaluable window inside it is disharmonic.,discard_wordforms_containing_ㅡㅣ,discard_wordforms_containing,ㅡ+ㅣ,1000,662,0,338,338,189,0.5591715976331361,58.045223422022,58,0.17173143024266863,False,FAIL: exceptions_e > theta_N.
1943,1943-1992,word_level,Each selected word form is one TP candidate; a word is an exception if any evaluable window inside it is disharmonic.,discard_wordforms_containing_ㅡㅣㅜ,discard_wordforms_containing,ㅡ+ㅣ+ㅜ,1000,718,0,282,282,153,0.5425531914893617,49.98309905751606,49,0.17724503211885126,False,FAIL: exceptions_e > theta_N.
1943,1943-1992,word_level,Each selected word form is one TP candidate; a word is an exception if any evaluable window inside it is disharmonic.,discard_wordforms_containing_ㅣ,discard_wordforms_containing,ㅣ,1000,421,0,579,579,368,0.6355785837651122,91.01909585989436,91,0.1572005109842735,False,FAIL: exceptions_e > theta_N.
1943,1943-1992,word_level,Each selected word form is one TP candidate; a word is an exception if any evaluable window inside it is disharmonic.,discard_wordforms_containing_ㅣㅜ,discard_wordforms_containing,ㅣ+ㅜ,1000,491,0,509,509,327,0.6424361493123772,81.66935346244838,81,0.16045059619341528,False,FAIL: exceptions_e > theta_N.
1943,1943-1992,word_level,Each selected word form is one TP candidate; a word is an exception if any evaluable window inside it is disharmonic.,exclude_from_consideration_ㅜ,exclude_from_consideration,ㅜ,1000,0,41,959,959,762,0.794577685088634,139.67597061191083,139,0.14564751888624694,False,FAIL: exceptions_e > theta_N.
1943,1943-1992,word_level,Each selected word form is one TP candidate; a word is an exception if any evaluable window inside it is disharmonic.,exclude_from_consideration_ㅡ,exclude_from_consideration,ㅡ,1000,0,136,864,864,656,0.7592592592592593,127.78092162022519,127,0.14789458520859397,False,FAIL: exceptions_e > theta_N.
1943,1943-1992,word_level,Each selected word form is one TP candidate; a word is an exception if any evaluable window inside it is disharmonic.,exclude_from_consideration_ㅡㅜ,exclude_from_consideration,ㅡ+ㅜ,1000,0,179,821,821,625,0.761266747868453,122.34515649659879,122,0.14901967904579633,False,FAIL: exceptions_e > theta_N.
1943,1943-1992,word_level,Each selected word form is one TP candidate; a word is an exception if any evaluable window inside it is disharmonic.,exclude_from_consideration_ㅡㅣ,exclude_from_consideration,ㅡ+ㅣ,1000,0,308,692,692,373,0.5390173410404624,105.81709678508844,105,0.15291487974723764,False,FAIL: exceptions_e > theta_N.
1943,1943-1992,word_level,Each selected word form is one TP candidate; a word is an exception if any evaluable window inside it is disharmonic.,exclude_from_consideration_ㅡㅣㅜ,exclude_from_consideration,ㅡ+ㅣ+ㅜ,1000,0,362,638,638,333,0.5219435736677116,98.78702105854669,98,0.15483859100085687,False,FAIL: exceptions_e > theta_N.
1943,1943-1992,word_level,Each selected word form is one TP candidate; a word is an exception if any evaluable window inside it is disharmonic.,exclude_from_consideration_ㅣ,exclude_from_consideration,ㅣ,1000,0,156,844,844,514,0.6090047393364929,125.25688616826253,125,0.148408632900785,False,FAIL: exceptions_e > theta_N.
1943,1943-1992,word_level,Each selected word form is one TP candidate; a word is an exception if any evaluable window inside it is disharmonic.,exclude_from_consideration_ㅣㅜ,exclude_from_consideration,ㅣ+ㅜ,1000,0,207,793,793,479,0.6040353089533418,118.78684825416956,118,0.14979426009353033,False,FAIL: exceptions_e > theta_N.
1993,1993-2042,word_level,Each selected word form is one TP candidate; a word is an exception if any evaluable window inside it is disharmonic.,baseline_no_excluded_vowels,baseline,NONE,479,0,0,479,479,376,0.7849686847599165,77.61231972285644,77,0.16202989503727858,False,FAIL: exceptions_e > theta_N.
1993,1993-2042,word_level,Each selected word form is one TP candidate; a word is an exception if any evaluable window inside it is disharmonic.,discard_wordforms_containing_ㅜ,discard_wordforms_containing,ㅜ,479,94,0,385,385,300,0.7792207792207793,64.67063050868211,64,0.16797566365891456,False,FAIL: exceptions_e > theta_N.
1993,1993-2042,word_level,Each selected word form is one TP candidate; a word is an exception if any evaluable window inside it is disharmonic.,discard_wordforms_containing_ㅡ,discard_wordforms_containing,ㅡ,479,189,0,290,290,222,0.7655172413793103,51.147458639669985,51,0.1763705470333448,False,FAIL: exceptions_e > theta_N.
1993,1993-2042,word_level,Each selected word form is one TP candidate; a word is an exception if any evaluable window inside it is disharmonic.,discard_wordforms_containing_ㅡㅜ,discard_wordforms_containing,ㅡ+ㅜ,479,250,0,229,229,171,0.7467248908296943,42.144224502138556,42,0.18403591485650025,False,FAIL: exceptions_e > theta_N.
1993,1993-2042,word_level,Each selected word form is one TP candidate; a word is an exception if any evaluable window inside it is disharmonic.,discard_wordforms_containing_ㅡㅣ,discard_wordforms_containing,ㅡ+ㅣ,479,324,0,155,155,87,0.5612903225806452,30.733082460175606,30,0.19827795135597165,False,FAIL: exceptions_e > theta_N.
1993,1993-2042,word_level,Each selected word form is one TP candidate; a word is an exception if any evaluable window inside it is disharmonic.,discard_wordforms_containing_ㅡㅣㅜ,discard_wordforms_containing,ㅡ+ㅣ+ㅜ,479,366,0,113,113,55,0.48672566371681414,23.903264198615982,23,0.21153331149217683,False,FAIL: exceptions_e > theta_N.
1993,1993-2042,word_level,Each selected word form is one TP candidate; a word is an exception if any evaluable window inside it is disharmonic.,discard_wordforms_containing_ㅣ,discard_wordforms_containing,ㅣ,479,195,0,284,284,181,0.6373239436619719,50.27461412046458,50,0.1770232891565654,False,FAIL: exceptions_e > theta_N.
1993,1993-2042,word_level,Each selected word form is one TP candidate; a word is an exception if any evaluable window inside it is disharmonic.,discard_wordforms_containing_ㅣㅜ,discard_wordforms_containing,ㅣ+ㅜ,479,258,0,221,221,136,0.6153846153846154,40.93985532111943,40,0.18524821412271236,False,FAIL: exceptions_e > theta_N.
1993,1993-2042,word_level,Each selected word form is one TP candidate; a word is an exception if any evaluable window inside it is disharmonic.,exclude_from_consideration_ㅜ,exclude_from_consideration,ㅜ,479,0,21,458,458,358,0.7816593886462883,74.75269770529906,74,0.16321549717314204,False,FAIL: exceptions_e > theta_N.
1993,1993-2042,word_level,Each selected word form is one TP candidate; a word is an exception if any evaluable window inside it is disharmonic.,exclude_from_consideration_ㅡ,exclude_from_consideration,ㅡ,479,0,53,426,426,329,0.7723004694835681,70.36159347479351,70,0.16516805979998475,False,FAIL: exceptions_e > theta_N.
1993,1993-2042,word_level,Each selected word form is one TP candidate; a word is an exception if any evaluable window inside it is disharmonic.,exclude_from_consideration_ㅡㅜ,exclude_from_consideration,ㅡ+ㅜ,479,0,88,391,391,297,0.7595907928388747,65.5083191914597,65,0.16754045829017827,False,FAIL: exceptions_e > theta_N.
1993,1993-2042,word_level,Each selected word form is one TP candidate; a word is an exception if any evaluable window inside it is disharmonic.,exclude_from_consideration_ㅡㅣ,exclude_from_consideration,ㅡ+ㅣ,479,0,127,352,352,206,0.5852272727272727,60.031060866323266,60,0.17054278655205474,False,FAIL: exceptions_e > theta_N.
1993,1993-2042,word_level,Each selected word form is one TP candidate; a word is an exception if any evaluable window inside it is disharmonic.,exclude_from_consideration_ㅡㅣㅜ,exclude_from_consideration,ㅡ+ㅣ+ㅜ,479,0,169,310,310,173,0.5580645161290323,54.03923875172331,54,0.17432012500555907,False,FAIL: exceptions_e > theta_N.
1993,1993-2042,word_level,Each selected word form is one TP candidate; a word is an exception if any evaluable window inside it is disharmonic.,exclude_from_consideration_ㅣ,exclude_from_consideration,ㅣ,479,0,55,424,424,263,0.6202830188679245,70.08573239426184,70,0.1652965386657119,False,FAIL: exceptions_e > theta_N.
1993,1993-2042,word_level,Each selected word form is one TP candidate; a word is an exception if any evaluable window inside it is disharmonic.,exclude_from_consideration_ㅣㅜ,exclude_from_consideration,ㅣ+ㅜ,479,0,90,389,389,241,0.6195372750642674,65.2292822122446,65,0.16768453010859793,False,FAIL: exceptions_e > theta_N.
